ExportID,chip,in_subset,BtkY72 Cy5 | affinity,BtkY72 Cy5 | z,BtkY72 Cy5 | pct,Khosta-2 TRED | affinity,Khosta-2 TRED | z,Khosta-2 TRED | pct,SARS-1 DAPI | affinity,SARS-1 DAPI | z,SARS-1 DAPI | pct,Yun11 PE | affinity,Yun11 PE | z,Yun11 PE | pct,BM4831 PE | affinity,BM4831 PE | z,BM4831 PE | pct,SARS-2 beta TRED | affinity,SARS-2 beta TRED | z,SARS-2 beta TRED | pct,SARS-2 KP3 DAPI | affinity,SARS-2 KP3 DAPI | z,SARS-2 KP3 DAPI | pct
P1-A1,P1,False,487.4706796330912,2.4054513026025055,98.95833333333334,307.7714391627034,1.7530968509528413,96.35416666666666,134.71131170685155,1.2876767786096817,93.75,473.233442964295,1.65897583631697,95.3125,162.04654178593108,1.5556954797024547,95.3125,1053.946222473646,1.7498302796172767,97.91666666666666,778.570894281134,2.289737829127768,99.47916666666666
P1-A2,P1,False,24.560742081565465,0.4515773478030371,67.70833333333334,199.55916332274728,1.491167569723227,93.75,63.289141857529266,0.8512505767658106,72.91666666666666,321.1818204889254,1.452000708946619,93.75,43.427420729330265,0.7083634570976813,74.47916666666666,409.75509405065236,1.1803515231012787,90.625,92.71942916635787,1.1023412492067648,82.8125
P1-A3,P1,False,75.37965438642154,1.1765483052718286,88.54166666666666,470.6712333088833,2.0102845099506714,98.95833333333334,400.0176277121832,1.9205670079804296,98.4375,841.9032408174211,1.966909854960548,98.95833333333334,48.25677718669715,0.7756128822223586,76.04166666666666,477.87216871659723,1.2729876628911219,92.70833333333334,118.5147268591371,1.2386192795588797,86.45833333333334
P1-A4,P1,False,43.23903581588524,0.8148711749143259,78.125,75.42759942921997,0.9055245363672667,79.16666666666666,20.857255375089213,0.22105764486459636,55.208333333333336,126.38307418676688,0.9551980793358867,80.20833333333334,175.50336508914995,1.6073783932286994,95.83333333333334,1115.5630439726283,1.784101997442875,98.4375,222.64573626947777,1.5898453986440173,94.27083333333334
P1-A5,P1,False,80.92346495868983,1.2229536944935027,89.58333333333334,67.06570326637615,0.8351875381336603,75.52083333333334,79.32744524727802,0.9813482983994312,78.64583333333334,67.0010192579284,0.6191431059680695,65.625,17.691570912335976,0.14412824927309065,51.041666666666664,149.96549776657005,0.5760380814092125,63.020833333333336,84.1500425703687,1.0485940150429016,80.72916666666666
P1-A6,P1,False,40.56324168942288,0.7735505764461614,77.08333333333334,43.682108251100544,0.5796877756583266,65.10416666666666,31.027833382341246,0.4442374910560504,62.5,57.42059650547776,0.5378410653666638,63.541666666666664,24.393311417473935,0.3438189842038005,60.416666666666664,152.07709344850386,0.5844242771312648,64.0625,109.23970404439734,1.193340242039586,85.41666666666666
P1-A7,P1,False,49.90062073712639,0.9077676228648941,82.8125,38.70747042096312,0.5080375253626724,61.979166666666664,45.452590699154165,0.6614326489276466,67.1875,39.99250063362051,0.3481615031350719,57.8125,15.7443992993582,0.07243502677533097,49.47916666666667,137.62961741286506,0.5245717193637806,60.416666666666664,80.74704169234903,1.0257336312974925,80.20833333333334
P1-A8,P1,False,45.83520211226337,0.8526393944473769,80.72916666666666,34.09182116937857,0.43302587627632255,58.333333333333336,38.05559785736883,0.5601176718982934,64.0625,34.28299072842032,0.2678585354820088,56.770833333333336,20.74433163109188,0.24271834956878205,54.6875,173.99185397400183,0.66520365212877,64.58333333333334,74.38748638497503,0.9803392163663089,78.64583333333334
P1-A9,P1,False,42.33953582903939,0.8012664285706078,77.60416666666666,36.84453683216729,0.4788680147363148,60.416666666666664,22.810027804373156,0.2710439085948305,57.8125,42.80918353480377,0.3837408472157837,59.375,22.39554704552647,0.2904182742358144,57.8125,151.0915737878556,0.5805247806509077,63.541666666666664,95.44793296698,1.118426520636316,83.33333333333334
P1-A10,P1,False,64.53647138806562,1.0751468542466436,83.85416666666666,48.62943715361699,0.6434327592595815,68.75,52.130885774535884,0.7398965608620194,67.70833333333334,50.41421399948058,0.4694422426353223,60.9375,3.2971475200907503,-0.8139559542428841,28.645833333333332,17.34049616273354,-0.6966145482129634,39.0625,8.733521934202717,-0.1670526112501176,51.5625
P1-A11,P1,False,143.6621771625291,1.5995367424643396,93.75,80.47038258204115,0.9443112238695104,80.72916666666666,12.7942958756503,-0.04780427596299166,50.0,150.84490844873164,1.0492460628806282,83.85416666666666,126.13157019326005,1.3935428970388464,90.10416666666666,721.3296471777793,1.5211547193560597,94.79166666666666,891.3963851368494,2.3654995756813433,100.0
P1-A12,P1,False,46.9092639760907,0.8676557977151548,81.25,69.58687298769735,0.8572657179825951,76.04166666666666,23.313335809263684,0.28326283373864913,58.854166666666664,100.92654382542936,0.8358335465062,75.0,20.914087658730576,0.24778638812563272,55.729166666666664,118.13639997141357,0.4330825893951893,56.25,39.897450684832016,0.63754876192086,68.22916666666666
P1-B3,P1,False,44.909452666190965,0.8394175857353736,79.6875,153.2443526758683,1.3317785491778587,91.66666666666666,0.0,-1.580709734223112,4.947916666666666,211.74076196101487,1.22978927026037,90.10416666666666,82.2175537161952,1.1173739636438655,84.89583333333334,261.02649605469674,0.908938204222349,80.20833333333334,114.88069496729838,1.221311743841156,85.9375
P1-B4,P1,False,9.536015988353789,-0.1353740411511663,49.47916666666667,14.20953948722324,-0.07447996984778842,51.5625,0.6491148163092785,-1.2885054560166977,15.104166666666666,24.05160769670691,0.08450540675312905,54.166666666666664,11.896234775145174,-0.09774347888736001,45.83333333333333,26.784906240824714,-0.44583117821102763,43.75,8.74240642968043,-0.1665412301877977,52.083333333333336
P1-B5,P1,True,66.67298967385848,1.0963930246506417,84.89583333333334,158.08921862467997,1.3505522852180292,92.70833333333334,0.0,-1.580709734223112,4.947916666666666,243.64262534613943,1.3045969332732679,91.66666666666666,102.29529771799695,1.2582291068809799,88.54166666666666,178.86670392813258,0.6817924518024321,65.10416666666666,66.63479790117199,0.9195138773231446,76.04166666666666
P1-B6,P1,False,137.53471761101622,1.570873083706738,93.22916666666666,113.92798237539823,1.1531702257006862,87.5,79.1030415642025,0.9797141832047731,77.60416666666666,184.42159067144755,1.1562033183827634,88.54166666666666,69.33295415567231,1.0077456792128154,81.25,198.23176360295574,0.7435267695669058,71.35416666666666,129.54281150636209,1.288090423597577,88.54166666666666
P1-B7,P1,False,11.15453155404709,-0.04073246484488324,52.083333333333336,40.87141870135062,0.5402491208397061,63.541666666666664,0.0,-1.580709734223112,4.947916666666666,74.06895476449739,0.6720853605352983,69.27083333333334,82.56576031716395,1.120095195564658,85.9375,267.4605309153725,0.9235839539898064,81.77083333333334,107.24369906422706,1.1830987021654624,84.375
P1-B8,P1,False,33.47213547020409,0.6496612108325704,74.47916666666666,95.24065805836295,1.045450181712757,85.41666666666666,94.37725946424088,1.0816602152066306,85.41666666666666,167.10300211927378,1.1037050096276737,85.41666666666666,40.11902281663328,0.6579306707784367,71.875,104.64541823812525,0.36052441791702017,51.041666666666664,52.534887496723606,0.7884737780825121,71.35416666666666
P1-B9,P1,False,21.968837903437166,0.3807668357362659,66.66666666666666,80.85634716768661,0.9471802351517269,81.25,72.5214286399395,0.9296327019260671,76.04166666666666,127.24967084209209,0.9588280813038906,80.72916666666666,156.75937177583825,1.5342121911879463,94.27083333333334,144.5301097992542,0.5538998657618925,61.458333333333336,45.247911017872894,0.7064621302237367,69.79166666666666
P1-B10,P1,False,48.13157017499095,0.8843405720070738,81.77083333333334,92.74813426712235,1.0295215854334316,84.89583333333334,56.62343338918756,0.7873108981414444,70.3125,176.8244925358826,1.1338050315193167,87.5,90.6528758476324,1.180296034625487,86.45833333333334,223.3248617082571,0.8151466101849536,74.47916666666666,107.46564051619023,1.1842467790021782,84.89583333333334
P1-B11,P1,False,30.501259188890753,0.589973980671137,72.39583333333334,88.49356143042006,1.00132795664654,84.375,0.0,-1.580709734223112,4.947916666666666,163.9048844554974,1.0934211072953397,84.89583333333334,71.7882621482577,1.0301084233718196,81.77083333333334,111.71379792637681,0.39962486963079,53.125,51.035735307775106,0.7725538228139025,70.83333333333334
P1-B12,P1,False,12.447890028095046,0.02623742533344763,53.125,43.88037087047355,0.5823753265630505,65.625,0.6142541574265244,-1.3009857621173362,14.0625,68.56165582798482,0.6312916567090381,66.66666666666666,46.215996458628865,0.7480365248962185,75.0,36.36767460716761,-0.26693440679344127,44.27083333333333,19.29222650569395,0.24472965545948067,61.458333333333336
P1-B1,P1,False,30.37400846255841,0.5872932518121391,71.875,34.32698334728536,0.43708023056429984,58.854166666666664,20.912354948442477,0.22252831438256337,56.25,46.867124611670484,0.43116910472529785,59.895833333333336,11.01653241559024,-0.14378767717435273,44.79166666666667,95.53299847696194,0.30606475695693963,50.0,56.27448155326076,0.8263200360780352,72.39583333333334
P1-B2,P1,False,37.97349215065905,0.7309431422918234,76.04166666666666,48.87985082299933,0.6464879377414027,69.27083333333334,25.021641370103662,0.32292731813361253,59.895833333333336,62.40121459499185,0.5816441825106838,64.0625,24.983660328641616,0.3587965040523141,61.458333333333336,111.96997415661234,0.4009955000187373,53.645833333333336,125.1579361550322,1.2689398241541967,87.5
P1-C2,P1,False,5.958439098818412,-0.41011727472477144,40.10416666666667,9.277933453131084,-0.3123899676724802,45.83333333333333,10.032984215001271,-0.17827888797683492,46.875,15.416729534206805,-0.14177257181923547,49.47916666666667,3.592966347273873,-0.7705689787033331,31.770833333333332,17.64903800232983,-0.686542287780916,39.58333333333333,1.854933148744039,-0.8545281609573234,25.0
P1-C3,P1,False,4.017557097174411,-0.6266909010615742,27.083333333333332,6.491328918167997,-0.5043655190081399,38.02083333333333,12.611953099061632,-0.05557720457339564,48.95833333333333,2.2191819945130793,-1.0140247156102666,17.708333333333336,3.6340148333210536,-0.764770408768633,32.8125,14.49312449482141,-0.7984750528958565,35.41666666666667,6.888353209863796,-0.2848644035521192,45.83333333333333
P1-C4,P1,False,21.418115513067406,0.36469391174712124,66.14583333333334,12.699961462672675,-0.13793286135494925,51.041666666666664,56.45966812465773,0.7856484433949534,69.79166666666666,3.2694055208097534,-0.8628572520982141,20.3125,15.285904911259516,0.05434122317987464,48.4375,120.91021017977613,0.44697816545583996,56.770833333333336,3.479266174127197,-0.6020703491367432,36.45833333333333
P1-C5,P1,False,2.8515758537366613,-0.8018380982681529,20.833333333333336,8.431569562125647,-0.3645562479674502,43.75,9.91612402954192,-0.18449892687019231,46.35416666666667,14.73753438755063,-0.16439427384824173,48.95833333333333,19.630964057581615,0.20846474214028482,53.645833333333336,147.70444184711081,0.5669272494673931,61.979166666666664,6.289339821188865,-0.3291300095581689,44.79166666666667
P1-C6,P1,False,8.802165125397421,-0.1831881597190988,47.39583333333333,7.167753451778607,-0.45188904514571904,40.10416666666667,60.3903637731799,0.8243000758221226,72.39583333333334,5.77438655841413,-0.6156789738852855,28.125,13.426995852284158,-0.024644572187209682,47.39583333333333,123.36329941340654,0.4590061173391491,57.291666666666664,5.027703848915265,-0.43565233720863233,42.70833333333333
P1-C7,P1,False,8.124371935140138,-0.23064334542040732,46.35416666666667,0.5495380684256498,-1.4609193586659388,9.375,4.241219552887708,-0.6130671720846388,30.729166666666668,0.27443564050794184,-1.5101349049734873,10.9375,1.3641814510889583,-1.2033619843298733,14.0625,11.663915087015338,-0.9202135052835099,28.645833333333332,0.0,-1.4425257564093985,1.8229166666666667
P1-C8,P1,False,10.510741517849759,-0.07677470474871605,51.041666666666664,7.469303928715461,-0.42988146322612786,41.66666666666667,1.5189268453105658,-1.0410714400235699,18.75,11.641672487032988,-0.2816725869603892,44.27083333333333,4.463712855044958,-0.6574315041152247,38.02083333333333,11.212706744384139,-0.9421170810696247,25.0,4.0977402675090495,-0.52957559673443,39.58333333333333
P1-C9,P1,False,5.36017025629141,-0.4696563024674872,35.9375,0.31567593670838845,-1.5602335512986771,5.729166666666666,12.088694160817088,-0.07847479477060597,48.4375,0.0,-1.639970146469856,3.125,1.9365345490858745,-1.0620736128710062,19.791666666666664,16.003518675623553,-0.7423125447816432,38.54166666666667,0.49273503085101517,-1.2179815625180719,11.458333333333332
P1-C10,P1,False,9.972723267972484,-0.10847684322115843,50.0,54.785188298690116,0.7144094630983834,70.83333333333334,79.55030955597383,0.9829666918398428,79.16666666666666,85.19135634051545,0.7460571004809479,71.875,138.59772249913166,1.4545048340665256,92.1875,85.49968520521803,0.2398075737224846,48.4375,18.39128012885186,0.21927462949336873,60.9375
P1-C11,P1,False,0.5256984048313967,-1.415129649840965,8.854166666666668,4.75883180057639,-0.6640218362955654,29.6875,6.8797848633368215,-0.37489038285403165,39.0625,7.003592708849606,-0.5264062200872602,31.770833333333332,2.2681509729799587,-0.992345034017354,21.875,15.124450550312787,-0.7743613139512794,35.9375,0.5546106167876612,-1.195216580544055,13.020833333333334
P1-C12,P1,False,2.158863926304696,-0.9331483802493965,17.1875,4.008887897927567,-0.7487153193247157,23.958333333333336,5.624316616535861,-0.4762680761139782,35.41666666666667,3.4229875506822713,-0.8439359544883875,21.875,2.269904490726335,-0.9919954576214797,22.395833333333336,15.141307717401949,-0.7737304663928571,36.45833333333333,0.0,-1.4425257564093985,1.8229166666666667
P1-C1,P1,False,113.61370522208523,1.445335474004337,92.1875,122.78001159465128,1.1982120865911894,88.02083333333334,69.10385041697239,0.9018286000662528,75.0,183.5296528431243,1.153621678835476,88.02083333333334,35.31786761096984,0.5770144135204571,69.27083333333334,178.91988930846452,0.6819709479994024,65.625,62.48495733279038,0.884022867126279,73.95833333333334
P1-D1,P1,False,0.0,-1.6949114961552976,3.90625,2.0550378703338477,-1.0488450248814079,17.1875,0.0,-1.580709734223112,4.947916666666666,3.672271846907183,-0.8145801973056351,22.395833333333336,0.741698722748098,-1.40250385247398,3.6458333333333335,0.2950853527383498,-2.29685485599279,2.083333333333333,0.37881166781540077,-1.2624789928632734,7.8125
P1-D2,P1,False,0.0,-1.6949114961552976,3.90625,0.4650620342300741,-1.4949491102938384,8.854166666666668,5.872985639874447,-0.45474208455973714,36.45833333333333,0.2048304063373185,-1.540205192505479,8.333333333333332,0.5106210479710186,-1.4952674681984968,1.5625,6.482291507421499,-1.2379133335031705,4.166666666666666,0.43363400805170027,-1.2406246147965827,10.416666666666668
P1-D3,P1,False,1.8809573744512904,-0.9941376367076282,16.145833333333336,2.746043278496988,-0.9250663341721931,20.3125,0.3302645255995146,-1.4140120691061344,11.979166666666668,4.541769552940648,-0.7232050945702054,26.041666666666668,0.0,-1.7641090487353424,0.5208333333333333,0.0,-2.452968514072568,0.78125,1.448122143665517,-0.9406931111734532,18.75
P1-D4,P1,False,1.2010651012432436,-1.172411112762426,12.5,3.1871291579199954,-0.8574945103829128,21.354166666666664,4.106390985013617,-0.6282903643581593,29.166666666666668,2.5606767805034387,-0.9600443552274318,19.270833333333336,1.4788529602838163,-1.1724946107839604,15.625,12.393498211188358,-0.8863962250573711,31.25,0.3613322377403828,-1.269630042560361,6.770833333333333
P1-D5,P1,False,4.02361950223851,-0.6258911915309551,27.604166666666668,0.31674915195101533,-1.5597385890324569,6.25,5.641511124675607,-0.4747538352837445,35.9375,0.37245150340631705,-1.47046471829194,11.979166666666668,3.1679389978389447,-0.8338523318258049,27.083333333333332,8.297789315334871,-1.1067578034865857,9.375,3.4491115707607563,-0.6058564547478392,35.9375
P1-D6,P1,True,1.6898849676797447,-1.0395861171972587,14.0625,1.8134158539488927,-1.0988599548288678,16.666666666666664,5.285798029143868,-0.5069082545122092,34.89583333333333,0.5665933859267389,-1.3996292849686764,13.541666666666666,0.7079049507712483,-1.415272999466333,3.125,7.596353078318157,-1.1541145187355388,6.25,0.3729863476157529,-1.2648520812089938,7.291666666666667
P1-D7,P1,False,4.223063280504905,-0.6001063819195044,28.645833333333332,2.291181274724958,-1.003648757218542,17.708333333333336,2.2827800192053767,-0.8863601983908933,23.4375,4.34379359556672,-0.7426817379594001,24.479166666666664,2.328674624112784,-0.9803863655051354,22.916666666666664,15.622028321664937,-0.7560123536757621,37.5,3.5696263033441946,-0.5908758192497682,38.02083333333333
P1-D8,P1,False,2.8951238158018424,-0.7943920205447643,21.354166666666664,2.462128181092923,-0.9729105428281752,18.229166666666664,0.3081731614904724,-1.423794012534391,11.458333333333332,3.305947928632027,-0.8582942314768215,20.833333333333336,2.4153751821524536,-0.9636290064102758,23.958333333333336,6.556168207241637,-1.2319814953269546,4.6875,1.8737480665791633,-0.8508463690339687,25.520833333333332
P1-D9,P1,False,2.7701424503407686,-0.8159907588993197,20.3125,7.166832279617309,-0.45195751098510767,39.58333333333333,110.65965581510287,1.1737279847286302,90.10416666666666,6.163231720651848,-0.5857972586929411,29.6875,4.5856764424281,-0.6430438470142038,39.0625,4.753467452593202,-1.3965384305231532,3.125,4.107508043086442,-0.528502639931169,40.10416666666667
P1-D10,P1,False,4.134706341453881,-0.6114058193964385,28.125,4.3586092016567495,-0.7077464263636079,25.520833333333332,0.0,-1.580709734223112,4.947916666666666,7.184311509632501,-0.5144516097445989,32.8125,2.9260356379557333,-0.8728187012737738,26.041666666666668,8.241298227285853,-1.1104371831171789,8.854166666666668,2.899569253785567,-0.6797525866821456,33.33333333333333
P1-D11,P1,False,9.075904963546803,-0.16494655177302914,48.4375,4.3940870670332925,-0.7037406847203532,26.041666666666668,8.342245088903516,-0.2754446359080722,43.22916666666667,4.453235924220072,-0.7318274688994086,25.0,3.241875298724408,-0.8223929015258831,27.604166666666668,19.036345239367783,-0.6432217643597412,40.10416666666667,8.642365112901278,-0.1723266193385019,51.041666666666664
P1-D12,P1,False,3.392031642049317,-0.714874374157497,23.4375,4.504271853231744,-0.6914658237703041,26.5625,4.944356961868858,-0.5395321614734545,34.375,6.635873820265391,-0.5515875535735701,30.208333333333332,1.0712498535064505,-1.289569178961406,7.8125,10.213828451127373,-0.9936339648697965,21.354166666666664,1.5264491689346538,-0.9230407877992842,19.791666666666664
P1-E1,P1,False,6.429350320350377,-0.3667490153807466,42.1875,3.4657635083609595,-0.8183865854233124,21.875,4.353162861942916,-0.6007225453013211,31.25,5.7530755338733055,-0.6173658882435692,27.604166666666668,0.9078709863385431,-1.343115977059756,5.208333333333334,8.3256689418692,-1.104950177327434,9.895833333333332,0.3182176602381861,-1.2876689312081016,5.729166666666666
P1-E2,P1,False,0.0,-1.6949114961552976,3.90625,0.0,-1.7267729921012318,2.083333333333333,57.637495326342965,0.7975010583852326,70.83333333333334,0.0,-1.639970146469856,3.125,1.0318469711155567,-1.3020864628747255,6.25,0.0,-2.452968514072568,0.78125,3.500576212946896,-0.5994100752541266,36.97916666666667
P1-E3,P1,False,6.6575552995505864,-0.346712142580095,43.22916666666667,5.606946355003062,-0.5806236346814874,34.375,0.0,-1.580709734223112,4.947916666666666,8.888406931505505,-0.4131847926456645,37.5,3.7043107570627525,-0.7549585822983712,34.375,8.05847277487041,-1.1225010662881652,8.333333333333332,2.1171910180494473,-0.8052687620368849,28.125
P1-E4,P1,False,0.6204797218879624,-1.3752140425632273,9.895833333333332,1.6848622043211399,-1.1272507870737796,15.625,6.536599291181272,-0.40090141332851076,37.5,0.8541742635918529,-1.3093958709391504,14.0625,1.268418717416035,-1.2303092132935656,12.5,11.166528454095065,-0.9444042590587423,23.958333333333336,0.2398771998935368,-1.3220101186070994,4.6875
P1-E5,P1,False,6.2363381449290625,-0.3841822991769822,41.66666666666667,6.957066655092117,-0.4677528885580791,39.0625,0.0,-1.580709734223112,4.947916666666666,12.656216018037826,-0.2403421425355688,45.3125,4.436961844973672,-0.660630165019684,37.5,10.452802943963796,-0.9809029703920525,22.395833333333336,3.38389138786946,-0.6141338089107012,35.41666666666667
P1-E6,P1,True,5.485857177464069,-0.4566962435734057,37.5,5.361178743119947,-0.6036349115189252,32.8125,2.9168456793560207,-0.7832052095628153,26.041666666666668,8.75447879975244,-0.4204857182345709,36.97916666666667,4.8697859556674645,-0.6107110894621659,40.10416666666667,9.350085066754051,-1.042025705863748,16.666666666666664,2.2600557000479564,-0.780151382030356,29.166666666666668
P1-E7,P1,False,5.576661721280951,-0.44748836637768713,38.02083333333333,0.740144731586555,-1.3904967654197786,10.416666666666668,8.932944945983396,-0.23963140401960895,44.27083333333333,0.2726934728110906,-1.5108672972177155,10.416666666666668,3.996462193317646,-0.7156928625112298,34.89583333333333,11.125138360112057,-0.9464616706788298,23.4375,0.14671974533097032,-1.3657894630602057,4.166666666666666
P1-E8,P1,False,15.563683606897493,0.1642502590977903,55.729166666666664,142.04912610609782,1.2860387585372561,90.10416666666666,120.6825968238365,1.2239400868249481,90.625,245.38850780094074,1.3084041927269074,92.1875,388.2976311920256,2.122879182095045,98.95833333333334,209.48177880687211,0.7766905203902765,72.39583333333334,13.187018115964595,0.044118760019806726,57.8125
P1-E9,P1,False,6.476727030016698,-0.3625390855139504,42.70833333333333,5.50181127993835,-0.5903608923760753,33.33333333333333,2.2622724576242543,-0.8900207085656208,22.916666666666664,9.803663088532582,-0.3657904108401043,41.14583333333333,3.4128102403342986,-0.7966464986724832,29.6875,8.547725107430411,-1.0907427795237685,11.458333333333332,1.9302053437353366,-0.8399415184686531,27.083333333333332
P1-E10,P1,False,0.3876402016869504,-1.4779453976800654,8.333333333333332,1.4223525360947056,-1.189708393800926,12.5,6.677483858362573,-0.39008285585879854,38.02083333333333,0.21698125312557576,-1.5348327163682622,9.375,0.8490715554068077,-1.3635171228220695,4.6875,9.60469076854358,-1.0273537453347983,18.229166666666664,0.5107925976019808,-1.211241827234437,12.5
P1-E11,P1,False,3.0192087782596158,-0.773623176780992,21.875,4.140466302806454,-0.7329750631257455,24.479166666666664,2.3068962913922664,-0.882084694172688,23.958333333333336,6.782199939391827,-0.5414248455869234,30.729166666666668,1.330548421883621,-1.2126997577288328,13.541666666666666,11.434540780587438,-0.9312489929001528,27.083333333333332,0.9827182674152174,-1.058877129898229,17.1875
P1-E12,P1,False,1.8169084577271373,-1.0090274666198915,15.104166666666666,3.4794093760239737,-0.8165345298680889,22.395833333333336,3.783048053207638,-0.666501139448979,28.645833333333332,3.4098749882700425,-0.8455255663230848,21.354166666666664,1.537874713637469,-1.1571593154519193,17.1875,13.625978767242925,-0.833248821557459,33.33333333333333,0.42519041103868194,-1.243935554609314,9.375
P1-F1,P1,False,0.0,-1.6949114961552976,3.90625,0.0,-1.7267729921012318,2.083333333333333,6.759563343183395,-0.383871108439372,38.54166666666667,0.0,-1.639970146469856,3.125,0.542119654050568,-1.4818182401992677,2.604166666666667,9.163031325095341,-1.0530367490174157,15.625,0.6390437054082859,-1.1655726359325784,15.104166666666666
P1-F2,P1,False,3.8670745094144867,-0.6468574317463052,26.041666666666668,5.225162378548079,-0.6167553946841005,31.25,4.444320662243736,-0.5908592755442472,32.29166666666667,8.901724360969313,-0.4124642221639344,38.02083333333333,3.3839439791065407,-0.8009236061480816,29.166666666666668,7.7537291760032385,-1.1431615760124616,7.291666666666667,3.0071027806453166,-0.6645054970606955,33.85416666666667
P1-F3,P1,False,3.221317707816937,-0.7411301985361128,22.395833333333336,6.116757088062327,-0.5355026260385864,36.97916666666667,0.33312976569646324,-1.4127552724142063,12.5,10.582927795900295,-0.32850171277543555,43.22916666666667,4.784776802708741,-0.6202184055097786,39.58333333333333,8.502931978183982,-1.0935819006092729,10.9375,2.7598468290499674,-0.700204250257302,32.29166666666667
P1-F4,P1,False,4.794430962295276,-0.531352930055995,32.8125,5.117114371378392,-0.6273839400871734,30.208333333333332,0.9129939387474426,-1.2018025820604674,15.625,8.701774183102401,-0.4233863672963166,35.9375,3.6539890193732694,-0.7619673777835455,33.33333333333333,9.44884734520829,-1.0362920055157894,17.708333333333336,1.8990975886306332,-0.845923790774129,26.041666666666668
P1-F5,P1,False,3.6278259345289388,-0.680240231463482,25.0,8.981511482599124,-0.33015455394064014,44.79166666666667,13.81618105175825,-0.006059600557384521,51.041666666666664,18.18009122308013,-0.058480075192283265,51.5625,21.460269445673436,0.26383020137711416,56.770833333333336,201.80662397325764,0.7542638122197554,71.875,10.76573247701603,-0.06077205777125035,55.208333333333336
P1-F6,P1,True,5.701707127117201,-0.43501430936998803,39.0625,8.052986725582391,-0.38942499377177436,42.70833333333333,0.6195268683363332,-1.2990809022024186,14.583333333333334,13.891135967658641,-0.19399224605965695,46.875,3.5587102093412324,-0.7754478604217235,30.729166666666668,9.062051471444871,-1.059065532802845,14.0625,3.1298579754892044,-0.6475924982750061,34.375
P1-F7,P1,False,3.9949558240730374,-0.6296808407277583,26.5625,5.782386633815773,-0.5647148692242506,35.9375,0.0,-1.580709734223112,4.947916666666666,9.651469108511971,-0.3733862933054382,40.625,3.119140674000447,-0.8415275182926157,26.5625,7.866663436288346,-1.135422346098046,7.8125,2.4747286936848707,-0.7444067463488067,29.6875
P1-F8,P1,False,6.137317377605018,-0.39330740267910286,41.14583333333333,0.3335486994012095,-1.5520428563909565,7.291666666666667,4.5401995388628915,-0.5806618115536051,33.85416666666667,0.0,-1.639970146469856,3.125,1.1592120093756135,-1.2624640671115346,9.895833333333332,11.724552202523814,-0.9173295763930901,29.166666666666668,0.42767355079689146,-1.2429598233490522,9.895833333333332
P1-F9,P1,False,5.78607784639356,-0.4267286198365783,39.58333333333333,4.718630008846448,-0.6682743192893432,28.645833333333332,7.025472038170268,-0.3641891926020986,40.10416666666667,5.437722365659763,-0.6429702269983232,27.083333333333332,11.463695748449956,-0.11997657179057801,45.3125,114.63396811337466,0.41506733881174046,54.6875,61.13829839582718,0.8720053647117103,73.4375
P1-F10,P1,True,36.15614856056967,0.6993176239203516,75.52083333333334,16.337824432604187,0.00502153695051801,52.083333333333336,19.565437384017436,0.18547184821056112,54.166666666666664,16.132051079465093,-0.11893788474923887,50.0,66.29016802600758,0.9789232004768351,80.20833333333334,228.00059392952352,0.8276014055724329,75.52083333333334,8.186611333106523,-0.19946590496538466,50.0
P1-F11,P1,False,4.302822768146808,-0.5900693830020208,29.166666666666668,5.2821186435574115,-0.6112266968757383,31.770833333333332,0.0,-1.580709734223112,4.947916666666666,9.566161649620215,-0.3776915309624044,40.10416666666667,3.6192348423557905,-0.7668523131650493,32.29166666666667,8.746428891386088,-1.0783068737436066,11.979166666666668,1.9518277726769129,-0.8358206478611865,27.604166666666668
P1-F12,P1,False,0.0,-1.6949114961552976,3.90625,0.3898358424396122,-1.5269469234762247,8.333333333333332,8.374787206070673,-0.2734134552230794,43.75,0.38182522226140825,-1.4668204469983412,12.5,1.0840321292913013,-1.2855596848730562,8.333333333333332,10.069498308385205,-1.0014550093694172,20.833333333333336,1.518915168288966,-0.9247147415372671,19.270833333333336
P1-G1,P1,False,3.5899336797395343,-0.6856852503521584,24.479166666666664,2.659252840818418,-0.9392958653437731,18.75,0.503399122703068,-1.3425433222422176,13.020833333333334,4.5076618908621375,-0.7265104492732016,25.520833333333332,2.3505569526800634,-0.9761161566933386,23.4375,6.598521894403259,-1.2286068590836698,5.208333333333334,1.6890482304999237,-0.8880806549769108,21.354166666666664
P1-G2,P1,False,0.0,-1.6949114961552976,3.90625,0.0,-1.7267729921012318,2.083333333333333,7.3776452067852,-0.339102932257033,41.66666666666667,0.0,-1.639970146469856,3.125,0.7934106438275036,-1.383436108031538,4.166666666666666,8.83030219041985,-1.0731335711807686,12.5,0.6113006703366551,-1.1751411643140361,14.583333333333334
P1-G3,P1,False,7.76492914235104,-0.2572608130118587,44.79166666666667,0.3378522095865516,-1.5500870520853514,7.8125,4.515389648490446,-0.583283511514482,33.33333333333333,0.20990722443805446,-1.5379539257153867,8.854166666666668,1.03609154138943,-1.3007264593591208,6.770833333333333,9.66282218607825,-1.0240532664387076,19.270833333333336,0.3196389078388412,-1.2870649427801095,6.25
P1-G4,P1,False,4.59712299606784,-0.5542973433729765,31.770833333333332,1.7527539697315677,-1.1120917233541596,16.145833333333336,1.5004104878524753,-1.0453811738439265,18.229166666666664,3.691733421609275,-0.8123547279145202,22.916666666666664,2.897660296319569,-0.8775459838687142,25.520833333333332,9.994970548515262,-1.0055335792992968,19.791666666666664,4.270689865161414,-0.5108749406742931,41.14583333333333
P1-G5,P1,False,5.605092997761861,-0.4446314621642269,38.54166666666667,5.672594967600062,-0.5746217551801023,35.41666666666667,0.0,-1.580709734223112,4.947916666666666,10.16135772384429,-0.3483513186138766,41.66666666666667,3.6542485757595773,-0.7619310327742753,33.85416666666667,9.615767732064793,-1.0267234448039468,18.75,2.72369736637509,-0.70561936801416,31.770833333333332
P1-G6,P1,False,2.5501350135959027,-0.855811790417543,19.791666666666664,4.182731063970398,-0.7280044739292983,25.0,2.0814266591288524,-0.9233344066368804,21.354166666666664,6.813446279155556,-0.5392794813878817,31.25,1.2486705920669376,-1.2360075812595475,11.979166666666668,10.56484788549972,-0.9750251493648479,22.916666666666664,0.6031905052829755,-1.1779694832758663,14.0625
P1-G7,P1,False,4.85012236058682,-0.5250180197065849,33.33333333333333,10.523848404146563,-0.2429337529941088,46.35416666666667,1.6769580083981757,-1.0055282426749022,20.3125,17.23043453774885,-0.08566767073116809,50.520833333333336,5.122993268394867,-0.5831877279218664,40.625,23.007379600723652,-0.5340570605950514,42.70833333333333,10.987079866034096,-0.050325289861084484,56.25
P1-G8,P1,False,3.5391712857949487,-0.6930505470152564,23.958333333333336,6.710992605528143,-0.48682187364075685,38.54166666666667,1.1327748198249974,-1.1382759376036666,17.1875,10.273521290171242,-0.342997836351322,42.1875,3.256713734755904,-0.8201171634984598,28.125,8.477318163204957,-1.0952114002582032,10.416666666666668,2.493162567161656,-0.741441052887387,30.729166666666668
P1-G9,P1,False,5.159269739059743,-0.4909134657220704,34.375,6.183470391226388,-0.5298387478382549,37.5,0.27430053581796193,-1.439118189851846,10.9375,10.334875186440721,-0.3400919533457061,42.70833333333333,3.456894375846657,-0.7901682550980413,30.208333333333332,9.120541239091738,-1.055566195333417,14.583333333333334,3.6147229075754432,-0.5853714323638957,38.54166666666667
P1-G10,P1,False,0.8425749259838219,-1.2901495741723144,11.458333333333332,1.3249010122625233,-1.2146341577504807,11.979166666666668,5.914980547571752,-0.45118382954551756,36.97916666666667,0.09405496789637283,-1.5918429421029547,6.770833333333333,1.3778474252856234,-1.1996057028459755,14.583333333333334,11.597921657920333,-0.9233679173865521,28.125,0.4082450332316818,-1.2506398496804685,8.854166666666668
P1-G11,P1,True,18.351964547112,0.2672887499237059,60.416666666666664,8.19963167826921,-0.37967077377639735,43.22916666666667,82.71893773541281,1.0055043190371946,80.72916666666666,0.9947230893215284,-1.2702767835154292,15.104166666666666,33.79219150758526,0.5490453141996076,68.22916666666666,190.78414080726344,0.7205252012947865,69.27083333333334,4.088843400366841,-0.5305546778359016,39.0625
P1-G12,P1,False,2.4132746646168983,-0.8818483442036609,18.75,4.604215368989995,-0.6805425535340223,28.125,0.0,-1.580709734223112,4.947916666666666,7.5105092468772945,-0.49352691500704693,33.85416666666667,2.696228433991615,-0.9121276848936752,25.0,5.8401432772434685,-1.2920873912310422,3.6458333333333335,1.704987602210561,-0.8847680576714068,21.875
P1-H1,P1,True,7.779360109406555,-0.25617130199045907,45.3125,5.637640235285321,-0.577810079600389,34.89583333333333,0.5375238392258179,-1.3294327643891677,13.541666666666666,8.579002583570118,-0.4302047901221521,35.41666666666667,4.048812954201492,-0.7089001127136353,35.9375,11.206470075145718,-0.9424254732609528,24.479166666666664,9.049309241928524,-0.14915672849507633,52.604166666666664
P1-H2,P1,False,0.0,-1.6949114961552976,3.90625,0.19460482528206033,-1.61883341036084,4.6875,9.490691327620047,-0.20771962642449263,45.83333333333333,0.19391157454515578,-1.545079358451851,7.8125,1.1232445654516592,-1.273411375297115,8.854166666666668,7.667890326121926,-1.1491110771442807,6.770833333333333,1.7589702538456657,-0.8736923620476627,23.958333333333336
P1-H3,P1,False,0.0,-1.6949114961552976,3.90625,2.7164701762135706,-0.9298775549697702,19.791666666666664,0.0,-1.580709734223112,4.947916666666666,4.286775744872133,-0.7484250598084863,23.958333333333336,1.7472606600673348,-1.1054939729350675,18.75,15.921162084169332,-0.7452438775222635,38.02083333333333,0.0,-1.4425257564093985,1.8229166666666667
P1-H4,P1,False,1.8635099750032733,-0.9981606748288303,15.625,1.5088918218963072,-1.1684003966933332,13.541666666666666,7.057523829973433,-0.3618609660200529,41.14583333333333,0.29929059442562167,-1.4997937562003474,11.458333333333332,1.5789837755694835,-1.1466874505764193,17.708333333333336,13.986489304080157,-0.8185478348198545,33.85416666666667,0.5971158784044245,-1.180097321371152,13.541666666666666
P1-H5,P1,False,5.2347574144993665,-0.4828459308268711,34.89583333333333,7.322686916256839,-0.4404821614224694,41.14583333333333,0.08789288619977759,-1.5315010725466076,9.895833333333332,11.472550833605759,-0.2888835073512593,43.75,4.083332830657962,-0.7044594272982935,36.45833333333333,9.424056447840046,-1.0377261445333303,17.1875,3.15691455682277,-0.643932346828101,34.89583333333333
P1-H6,P1,False,0.720694982135551,-1.3354732215768566,10.416666666666668,1.4928675347469345,-1.1722899405056328,13.020833333333334,7.421124899343969,-0.3360791587795829,42.1875,0.24734341933807114,-1.5216391721551075,9.895833333333332,1.2805818265101616,-1.2268241539849165,13.020833333333334,11.397818686198192,-0.9330346227776473,26.5625,0.3983723850724892,-1.2545831716988705,8.333333333333332
P1-H7,P1,False,2.2677676431358122,-0.910700633807491,18.229166666666664,5.538415306346014,-0.58695299805098,33.85416666666667,1.9712651335299938,-0.9445995663362642,20.833333333333336,7.616895501045041,-0.4868756505764721,34.375,1.2250537104793269,-1.2428883647833315,10.9375,11.396218925590176,-0.9331125320978279,26.041666666666668,2.5779722777199345,-0.727995232783318,31.25
P1-H8,P1,False,2.5057514130218466,-0.8641437767928428,19.270833333333336,4.581976955499494,-0.6829561426999043,27.604166666666668,2.708892712823195,-0.8150714047597761,25.520833333333332,7.4214225194510215,-0.4991608933776981,33.33333333333333,1.1881693282692045,-1.2537821115195977,10.416666666666668,10.427894410856021,-0.9822174708395348,21.875,2.1605380219825494,-0.7975281833582215,28.645833333333332
P1-H9,P1,True,4.419667589660806,-0.5756348455980559,30.729166666666668,2.774863160136613,-0.9204140590577156,20.833333333333336,1.6675193038047613,-1.0075914692047516,19.791666666666664,4.168390580956511,-0.7605502781367265,23.4375,2.613117024151191,-0.9269488178734477,24.479166666666664,11.272192451841054,-0.9391835084987816,25.520833333333332,1.743878604268921,-0.8767667610138677,23.4375
P1-H10,P1,False,0.0,-1.6949114961552976,3.90625,0.0,-1.7267729921012318,2.083333333333333,45.17023057192803,0.6578712057909261,66.66666666666666,0.9607918329344947,-1.2794624831109447,14.583333333333334,0.515469789691984,-1.4931789994199474,2.083333333333333,0.968656668362639,-2.0440227457726987,2.604166666666667,1.9295347941486083,-0.8400697995325298,26.5625
P1-H11,P1,True,0.22484990453342868,-1.5605889125238674,7.8125,0.8937024771558452,-1.3391627745571477,11.458333333333332,3.6257032869003756,-0.6860400393229722,28.125,1.3473847670452117,-1.1831162218850162,16.666666666666664,0.9834053441004824,-1.3178120720160498,5.729166666666666,7.302920570626302,-1.175082929198151,5.729166666666666,0.45443910005408444,-1.232548937070307,10.9375
P1-H12,P1,False,3.234669673984449,-0.7390387213505324,22.916666666666664,5.214237325995112,-0.6178216604849428,30.729166666666668,4.46372297697717,-0.5887812712427466,32.8125,9.178791991214407,-0.39768868942187957,39.58333333333333,3.568690890013367,-0.7740226016482772,31.25,9.332352082246036,-1.043060995577541,16.145833333333336,4.767548914303594,-0.4603812636286308,42.1875
P2-A10,P2,False,1.3176880044151758,-1.1382183996351631,13.020833333333334,0.3184753899223568,-1.5589433011643135,6.770833333333333,7.018005491761771,-0.3647328941827163,39.58333333333333,0.08160638214615286,-1.5979698045452264,6.25,4.020420078239794,-0.712575428579649,35.41666666666667,14.049135875709698,-0.8160293291441865,34.375,1.59584747524855,-0.9078520834390275,20.833333333333336
P2-A11,P2,False,1.4794220143735228,-1.0935440556908813,13.541666666666666,2.706719561083798,-0.9314722695299565,19.270833333333336,3.0986221068629796,-0.7567066378487552,27.083333333333332,2.3555619159278187,-0.9918101121086561,18.75,1.523191157295496,-1.1609408755589818,16.666666666666664,12.760659532066896,-0.8700683853834922,32.8125,0.0,-1.4425257564093985,1.8229166666666667
P2-A12,P2,True,0.0,-1.6949114961552976,3.90625,1.5176651154339762,-1.1662813830575325,14.0625,1.628340599005283,-1.0162343956277764,19.270833333333336,2.2399742683892727,-1.0105777863734908,18.229166666666664,2.249744280927817,-0.996025900371627,21.354166666666664,19.762302351726138,-0.6217339269386791,40.625,0.2838688843002621,-1.3024676720337125,5.208333333333334
P2-A1,P2,False,5.2835385665954195,-0.4776843716690374,35.41666666666667,7.1772133367523905,-0.45118638856477805,40.625,4.234089384726312,-0.6138623646397396,30.208333333333332,11.934036327737664,-0.26943151165163753,44.79166666666667,6.6862773392001165,-0.43499963795364505,41.14583333333333,9.123180035899491,-1.0554087980347127,15.104166666666666,2.476136822684855,-0.7441796482118456,30.208333333333332
P2-A2,P2,False,0.5572176850029378,-1.401587064144445,9.375,0.1358555929647475,-1.6494455542426094,4.166666666666666,7.699774467618802,-0.31706358402628954,42.70833333333333,0.0,-1.639970146469856,3.125,1.0473749661225102,-1.2971248751895412,7.291666666666667,10.008812582008188,-1.004773980502094,20.3125,0.7600485107122833,-1.125648710093374,16.145833333333336
P2-A3,P2,False,17.435962453347823,0.23517430952444485,57.8125,7.892682696620801,-0.4002701942003254,42.1875,86.83909325475062,1.0335667557698311,81.77083333333334,2.674856866893771,-0.9431453739280709,19.791666666666664,14.414140975135654,0.01848793016491761,47.91666666666667,140.578683017452,0.5372804198634314,60.9375,1.8504279233143968,-0.855413365209025,24.479166666666664
P2-A4,P2,False,5.95945280168504,-0.4100208009903617,40.625,5.286308454600012,-0.6108219767706655,32.29166666666667,1.3397483164701272,-1.0841741328115213,17.708333333333336,9.022982542899015,-0.4059475009159437,39.0625,4.135507973551464,-0.6978044540713999,36.97916666666667,8.88928908164635,-1.0695216308619502,13.541666666666666,2.831241341260171,-0.6896607792223389,32.8125
P2-A5,P2,False,5.010943328630937,-0.5070575599347437,33.85416666666667,4.514971501288419,-0.6902869722409735,27.083333333333332,2.702510159786301,-0.8160774868638444,25.0,8.74926622602545,-0.4207718979728713,36.45833333333333,1.645470628345576,-1.1300992680957396,18.229166666666664,12.65898439723635,-0.8745458958323675,32.29166666666667,0.508042174137624,-1.2122631672545658,11.979166666666668
P2-A6,P2,False,1.0848326397015722,-1.2083416747287778,11.979166666666668,1.5743370885402184,-1.1527687824782749,14.583333333333334,7.043840640571429,-0.3628537712766964,40.625,0.5440287610326482,-1.407396997564774,13.020833333333334,1.2258750650558001,-1.2426478395932108,11.458333333333332,12.383690479411655,-0.8868384928277014,30.729166666666668,0.0,-1.4425257564093985,1.8229166666666667
P2-A7,P2,False,49.507003368986204,0.9026262665844648,82.29166666666666,19.30766017667569,0.10099787737975091,53.645833333333336,20.93308939951927,0.223080782734683,56.770833333333336,18.701095869445897,-0.04413070803847326,52.083333333333336,46.33100446259658,0.7496220059183085,75.52083333333334,110.8898701619443,0.3951953573253285,52.604166666666664,7.663854124646471,-0.23230450960115542,47.91666666666667
P2-A8,P2,False,4.357282771748423,-0.583302450987661,29.6875,4.7538394134559345,-0.664548306061691,29.166666666666668,2.2318400547402555,-0.8954953908549652,22.395833333333336,8.463658729843075,-0.436690787927549,34.89583333333333,1.1345754371632895,-1.2699427485006443,9.375,8.866086962209147,-1.0709397875847595,13.020833333333334,1.0283534717188112,-1.0461224865778291,17.708333333333336
P2-A9,P2,False,2.1344742099449703,-0.9382817167129667,16.666666666666664,3.9833614832625535,-0.7518167976944082,23.4375,82.0098275140276,1.0005355920338492,80.20833333333334,0.0,-1.639970146469856,3.125,15.726479920964353,0.07173721806494314,48.95833333333333,148.72642935501528,0.5710623417823273,62.5,5.4724028312654,-0.3957548317027207,43.75
P2-B6,P2,False,101.81535070077057,1.373390156012695,91.14583333333334,306.87627869925626,1.7513344475390453,95.83333333333334,106.4415446134917,1.1512340082282793,88.54166666666666,583.5430518420368,1.7709434818744598,97.91666666666666,76.68827265373318,1.0725666967526706,82.8125,46.06402621840709,-0.12764927303029536,45.83333333333333,9.493040332687452,-0.1249382245024018,53.125
P2-B7,P2,False,6.793944483674199,-0.33502004464008994,43.75,0.6036048487507402,-1.4400998403350598,9.895833333333332,3.056386265610663,-0.7627572585162656,26.5625,1.023589860154268,-1.2625842997129972,15.625,9.1296685301703,-0.25510840662875445,42.1875,23.86768062660706,-0.5128006629803531,43.22916666666667,16.076737554802545,0.14803081222933961,59.375
P2-B8,P2,False,171.44021347230523,1.7158658751213884,94.79166666666666,153.03178461268774,1.330941406598099,91.14583333333334,53.48967610749322,0.7546474968213196,68.22916666666666,149.2690349223399,1.0436605996025083,83.33333333333334,235.7119116366601,1.79865611992111,97.39583333333334,453.1929825064443,1.2410427401552955,91.66666666666666,35.07446564991288,0.567215143304327,67.1875
P2-B9,P2,False,10.49548965882593,-0.07765281539000275,50.520833333333336,27.23635253061679,0.3010828084910414,55.729166666666664,23.195831686880048,0.2804329445047076,58.333333333333336,50.18522780400041,0.46705239784431113,60.416666666666664,77.94240487074084,1.0830032310402768,83.85416666666666,555.0057096979496,1.3631534945599708,93.75,171.4716376769403,1.4442089506694245,91.14583333333334
P2-B10,P2,False,38.791251429455826,0.744695624633171,76.5625,100.73559457940883,1.0791558076171681,86.97916666666666,13.900685184021803,-0.002737479809759657,51.5625,171.68280197653033,1.118096170337472,86.45833333333334,40.701832314725266,0.6671028937665178,72.91666666666666,135.13526826098663,0.5136097239341276,59.895833333333336,53.15472961832651,0.7949261895958533,71.875
P2-B11,P2,False,521.4468132093479,2.4499855093297134,99.47916666666666,0.0,-1.7267729921012318,2.083333333333333,255.91865224901213,1.6604856532102374,96.35416666666666,13.409672763410075,-0.21158878510925946,46.35416666666667,554.8998366790019,2.355044871062991,100.0,993.9683243716652,1.7144907201652992,97.39583333333334,368.85323851067784,1.8718038592099855,97.39583333333334
P2-B12,P2,False,13.219965464861145,0.063209079047891,53.645833333333336,40.639510276151285,0.536877679678143,63.020833333333336,3.2564289238279476,-0.7346384023154996,27.604166666666668,66.49358308557184,0.6151329050685302,65.10416666666666,9.900951042944877,-0.2072854123109424,43.22916666666667,22.633240359252333,-0.5435400760177432,41.66666666666667,10.960340800170973,-0.051576982438895046,55.729166666666664
P2-B1,P2,False,0.0,-1.6949114961552976,3.90625,0.22910971188015114,-1.6015483963547035,5.208333333333334,0.0,-1.580709734223112,4.947916666666666,0.0,-1.639970146469856,3.125,1.814831714610363,-1.0896587423723874,19.270833333333336,15.533101917219367,-0.7592509939129011,36.97916666666667,0.7368749445632025,-1.1330775861398212,15.625
P2-B2,P2,False,0.0,-1.6949114961552976,3.90625,0.0,-1.7267729921012318,2.083333333333333,0.0,-1.580709734223112,4.947916666666666,0.0,-1.639970146469856,3.125,1.4845689979274048,-1.1709935627169337,16.145833333333336,12.485311789169478,-0.8822716402745413,31.770833333333332,0.0,-1.4425257564093985,1.8229166666666667
P2-B3,P2,False,0.0,-1.6949114961552976,3.90625,0.0,-1.7267729921012318,2.083333333333333,0.9535864205199823,-1.1895374049058025,16.145833333333336,0.12465172675712133,-1.5770754164276495,7.291666666666667,1.4135381025240674,-1.1898965300621092,15.104166666666666,11.724816347335812,-0.9173170436324464,29.6875,1.2261611283617544,-0.9939650410243727,18.229166666666664
P2-B4,P2,False,0.8070270244457757,-1.3030514862153364,10.9375,0.872608927474476,-1.3459623100033107,10.9375,0.24626098723605327,-1.4521148252792364,10.416666666666668,1.4171133347377456,-1.1674440470753051,17.1875,2.117346797515094,-1.0231329218432341,20.833333333333336,14.440538204186577,-0.8005277424926074,34.89583333333333,1.706706314206449,-0.8844120331540075,22.395833333333336
P2-B5,P2,True,3.864399316014731,-0.647221555029483,25.520833333333332,3.867126120007364,-0.766143359014006,22.916666666666664,2.5292556822120322,-0.8440713301508724,24.479166666666664,6.113856440960204,-0.589500451555702,29.166666666666668,1.9494224232142392,-1.0592196690366587,20.3125,11.873737705014525,-0.9102923381135075,30.208333333333332,0.9191747273941396,-1.0771347622262584,16.666666666666664
P2-C1,P2,False,14.457365410723723,0.11846883831286852,54.6875,250.2678410338474,1.6279986620312341,94.79166666666666,79.28433979622864,0.9810347575712527,78.125,366.41730313791334,1.5223421527177246,94.79166666666666,133.01413586423524,1.4279025353639248,91.14583333333334,264.713796944204,0.9173749907943122,81.25,66.57399157230068,0.9190097341419723,75.52083333333334
P2-C2,P2,False,25.737959193145706,0.4813975717572023,68.75,11.150729515881267,-0.21077895929932997,48.4375,1.0227064348905923,-1.1692274709136277,16.666666666666664,13.069841143544828,-0.22436659724354743,45.83333333333333,133.47628274642395,1.4301460669561676,91.66666666666666,814.6816744067163,1.594535118570691,95.83333333333334,263.48950629697356,1.68386367385961,95.3125
P2-C3,P2,False,17.824789099434458,0.2489969829469914,59.895833333333336,36.216394391203295,0.468707970835607,59.895833333333336,63.929853125597404,0.8570432478294577,73.4375,54.50968276962219,0.5104764483312604,61.979166666666664,28.54963850222976,0.44260802438433766,65.10416666666666,239.67257450842607,0.8576151310376079,78.64583333333334,6.330700529835521,-0.32595861287878414,45.3125
P2-C4,P2,True,2.2562492368927867,-0.9130391998569058,17.708333333333336,10.990800244864865,-0.2188218243357463,47.91666666666667,18.93542178140586,0.1672973927264814,53.645833333333336,25.006190074255745,0.10452736793829785,55.208333333333336,25.02538022058995,0.35984205440072786,61.979166666666664,183.9984200400423,0.6987764752469806,67.70833333333334,7.313066655025446,-0.25547082560478723,46.875
P2-C5,P2,False,65.29436504744102,1.0827618194722743,84.375,5.881641349012927,-0.555895829478777,36.45833333333333,462.02773899944,2.004554102196384,100.0,4.648669442932746,-0.712975745066926,26.5625,50.837148752982465,0.8088889538996823,77.08333333333334,465.63330362254464,1.2573567972578181,92.1875,70.88555162046883,0.953678200870662,77.60416666666666
P2-C6,P2,False,5.371516221623873,-0.4684759070755843,36.45833333333333,69.6857502359723,0.8581154455135622,76.5625,31.552631451735262,0.45373128776275,63.020833333333336,95.61776089772547,0.8071953452106239,73.95833333333334,289.63028185558215,1.9323911108437923,97.91666666666666,1709.4682952407622,2.0416053350326786,100.0,356.71726673194496,1.8531035079657454,96.875
P2-C7,P2,False,308.2791958223618,2.10276597506837,97.39583333333334,363.5737673643492,1.853941536555311,98.4375,88.3467143319329,1.0435073662133458,82.8125,557.1324333706251,1.7461899208068903,96.875,24.07387163157074,0.33556875019501076,59.895833333333336,217.21754340378655,0.7984816259103609,73.95833333333334,221.16682408689798,1.5861266083556695,93.75
P2-C8,P2,False,212.0842008915571,1.856028777825238,95.83333333333334,157.94240151231818,1.3499918212933726,92.1875,98.82487891076752,1.108283247912932,85.9375,263.21777836293734,1.3458091091676259,92.70833333333334,60.27760427607696,0.9179238787408525,78.125,226.6925452883167,0.8241429494873722,75.0,118.8912043179156,1.2403821258221406,86.97916666666666
P2-C9,P2,False,30.571725962054742,0.5914538148472275,72.91666666666666,11.561580616144585,-0.1905928610197096,48.95833333333333,20.87970258750687,0.2216572332159916,55.729166666666664,17.715613175293086,-0.07160514524593564,51.041666666666664,92.42288298210235,1.192761808497359,87.5,439.2582520330551,1.2222297115590888,91.14583333333334,272.5197291389845,1.7026810702600657,95.83333333333334
P2-C10,P2,False,17.521267527015475,0.23823168019283403,58.333333333333336,45.33534623402021,0.6017424025370546,67.70833333333334,89.68901025283944,1.0522177428152228,83.85416666666666,67.69833783389687,0.6246053764451325,66.14583333333334,20.851791070032792,0.245931108259796,55.208333333333336,193.27070467238994,0.7283026702714864,70.3125,3.53577713517915,-0.5950431773096707,37.5
P2-C11,P2,False,241.06766359857716,1.9404893208076257,96.35416666666666,353.37545055170403,1.836718858970723,97.39583333333334,408.0803145383275,1.932194763941951,98.95833333333334,580.9637271372122,1.7685757957417771,97.39583333333334,32.26635777759136,0.519818745697504,66.66666666666666,191.42054826876634,0.7225253149289923,69.79166666666666,38.936414415201504,0.6242203960637167,67.70833333333334
P2-C12,P2,True,32.80378306920187,0.6366946826834413,73.95833333333334,39.71667155375359,0.5232729774734133,62.5,0.0,-1.580709734223112,4.947916666666666,62.73127116598466,0.5844241357598267,64.58333333333334,40.48479556351724,0.6637022489763219,72.39583333333334,89.51694769939981,0.26721526038358645,48.95833333333333,24.614898087650577,0.37529174899786816,63.541666666666664
P2-D1,P2,False,4.381322951838563,-0.5803371934492229,30.208333333333332,64.74883409297283,0.8141651101549022,75.0,55.65204907058036,0.7773800168413599,69.27083333333334,114.87981955990868,0.9045254362160985,78.125,28.17448217082166,0.43428114658518374,64.0625,213.0492242942215,0.786837571030614,73.4375,32.12011037720443,0.5193229432975374,65.625
P2-D2,P2,False,5.428154066855598,-0.4626147596149835,36.97916666666667,82.46551407158076,0.9589977396959748,81.77083333333334,170.99467989406529,1.4260767521692161,94.79166666666666,141.39435221904012,1.0148419131867201,81.77083333333334,68.7983480308713,1.0027731035016831,80.72916666666666,678.8614326551303,1.4845723929863455,94.27083333333334,131.92627198274036,1.2982318758529603,89.0625
P2-D3,P2,False,71.4550741408863,1.1416132452222099,86.45833333333334,85.12445992698613,0.9780341986447315,82.8125,15.34494541514613,0.05130123950926508,52.083333333333336,99.66899571873861,0.8291868633316624,74.47916666666666,221.44624596630962,1.75814725621072,96.35416666666666,757.714182615053,1.5508247494489142,95.3125,220.04208381806527,1.583281788930172,93.22916666666666
P2-D4,P2,False,44.732725329870846,0.8368632337535776,79.16666666666666,33.83631509821489,0.4285898668575283,57.8125,70.40314982929632,0.9125557123926215,75.52083333333334,55.99697382633228,0.5246326819198709,63.020833333333336,34.90648251176522,0.5695902054289259,68.75,289.9816652122425,0.9722192405599863,83.85416666666666,125.79242825263164,1.2717517368177862,88.02083333333334
P2-D5,P2,False,19.928980002846597,0.31917236324960846,63.020833333333336,34.731603872988856,0.4439934014402437,59.375,12.656660427938272,-0.053661822753278514,49.47916666666667,32.72324282457355,0.24365132564004854,56.25,75.79033035157936,1.064990251056871,82.29166666666666,408.1806010032251,1.1780328305925698,90.10416666666666,20.2500618247597,0.2705812548738472,61.979166666666664
P2-D6,P2,True,81.7301398740802,1.2294430662936957,90.10416666666666,73.51021783478264,0.8901013144500889,78.64583333333334,9.061103859668563,-0.23214293006982117,44.79166666666667,118.56357523457648,0.9212804357698297,79.16666666666666,76.82629045220845,1.0737234605017325,83.33333333333334,178.99606340260496,0.6822265050572119,66.14583333333334,70.30989444577415,0.9491716210939569,77.08333333333334
P2-D7,P2,False,12.051144266183906,0.006404509136530864,52.604166666666664,70.14363143766776,0.8620349337890034,77.08333333333334,43.958948748361315,0.6423418791417395,66.14583333333334,90.42079530557461,0.777593538391964,72.91666666666666,7.879201140095131,-0.34097500196023267,41.66666666666667,72.3099216694638,0.13992152256674306,46.875,56.54718536833926,0.8289824660370266,72.91666666666666
P2-D8,P2,False,150.53597224972043,1.6302810061226225,94.27083333333334,11.657860257589112,-0.1859579395871077,49.47916666666667,87.18696764044411,1.0358755506629322,82.29166666666666,7.13671990516746,-0.5175740105377131,32.29166666666667,4.520554855741301,-0.6506864933321002,38.54166666666667,23.00283461404994,-0.5341713696522982,42.1875,13.68171147071084,0.06333024462040729,58.333333333333336
P2-D9,P2,False,69.62512530354972,1.1246716240587769,85.9375,142.6491173894422,1.288579507747625,90.625,134.4591575974605,1.2865904453194752,93.22916666666666,228.78164731645975,1.2710442491428522,91.14583333333334,40.75164652538005,0.6678809112996685,73.4375,310.5467405560512,1.0134482763548542,86.45833333333334,34.68642928966553,0.5611533821864512,66.66666666666666
P2-D10,P2,False,20.781344908022884,0.3456099752666194,65.625,37.01651866525417,0.48162037762273735,60.9375,9.128017277581417,-0.22827091805587021,45.3125,42.69910354623356,0.38239385807701953,58.854166666666664,12.025534877594414,-0.0912419072985755,46.35416666666667,112.87341521483366,0.4058045319819832,54.166666666666664,184.2178022818935,1.4841728025977707,92.1875
P2-D11,P2,False,73.73782234160761,1.1621569068402213,86.97916666666666,131.53766446901983,1.2397093550328053,89.58333333333334,26.52906897783699,0.3558219692849339,61.458333333333336,216.77253022672917,1.242305067407247,90.625,17.91579497854172,0.1518995726291952,51.5625,96.591959061351,0.3126517074737722,50.520833333333336,30.039246787426965,0.48295272054523214,64.58333333333334
P2-D12,P2,False,8.915633039257417,-0.17556576699060128,47.91666666666667,78.98329404854847,0.9331286333134633,79.6875,57.78750409258577,0.7989934940350347,71.35416666666666,123.05186626105372,0.9410105688134465,79.6875,38.173002675006444,0.626334059892675,71.35416666666666,371.7739592819567,1.1217734591693376,88.54166666666666,198.233285155891,1.525058318996879,92.70833333333334
P2-E1,P2,False,45.27029379081747,0.8446026555747437,80.20833333333334,128.92730365798636,1.2276344208573924,89.0625,58.22172151491288,0.803292148629926,71.875,188.12501638801763,1.166791383328832,89.0625,106.46416649329858,1.2840141768373252,89.0625,72.67662280727083,0.14293395454795818,47.39583333333333,9.73433682374154,-0.11219488112718237,54.166666666666664
P2-E2,P2,False,1.8023934651868043,-1.0124488937068212,14.583333333333334,83.42597218579535,0.9659431155098225,82.29166666666666,169.13425477931727,1.4197239405843576,94.27083333333334,129.17043098840904,0.9667870997702569,81.25,147.96276296462884,1.4968209571341613,93.22916666666666,117.4566211851233,0.42962783813540384,55.729166666666664,16.392546867573003,0.15830186182161846,59.895833333333336
P2-E3,P2,False,20.28335777588455,0.33029247487208807,64.0625,44.15608222023217,0.5860930654171884,66.14583333333334,92.59228257500271,1.0706246899340737,84.375,78.00960043786375,0.6994774133273883,70.83333333333334,24.050036844626437,0.3349489568572263,59.375,232.78558183953308,0.8400866662861336,77.60416666666666,9.831104500777574,-0.1071646853413231,54.6875
P2-E4,P2,False,4.7493670543220325,-0.5365236880473772,32.29166666666667,10.95106800083389,-0.22083660007545178,46.875,4.386665733078095,-0.5970781507287347,31.770833333333332,18.94440091059463,-0.037559164834906164,52.604166666666664,17.453442874836917,0.13577228674745415,50.0,11.446571921479991,-0.9306651194609596,27.604166666666668,1.7298006363797191,-0.8796499399241839,22.916666666666664
P2-E5,P2,False,22.031028122705145,0.3825575968678127,67.1875,44.501896879826546,0.5907241288403381,66.66666666666666,81.83861770690145,0.9993295659701189,79.6875,77.83255513091879,0.6982763489954029,70.3125,33.539974967350204,0.5443037543836126,67.70833333333334,281.42244055928967,0.9541937307157115,82.29166666666666,8.107304053322858,-0.20432571302926747,48.95833333333333
P2-E6,P2,False,19.96019095767365,0.3201592725550177,63.541666666666664,1.6150971177635318,-1.143232817134993,15.104166666666666,11.381793264995983,-0.11090667494832719,47.39583333333333,1.0722128415063379,-1.2498718973263043,16.145833333333336,0.16256063867313847,-1.6659460888056261,1.0416666666666665,0.25110326905126257,-2.3177146540303775,1.5625,0.1153433777677848,-1.3813396569109129,3.6458333333333335
P2-E7,P2,False,78.37913140313422,1.2020587806911254,89.0625,9.154214578186002,-0.31974134136552657,45.3125,65.16213774239249,0.868025387582665,73.95833333333334,8.970319390745017,-0.4087680132413788,38.54166666666667,9.933066955677626,-0.2053682122088738,43.75,43.588467695025294,-0.16027169712966757,44.79166666666667,24.456476833039535,0.37181440784626646,63.020833333333336
P2-E8,P2,False,28.535136430061648,0.5472920648489653,70.83333333333334,60.96718346905838,0.7782063870651966,72.39583333333334,106.83144165770997,1.1533499328298442,89.0625,103.90248381956619,0.8512415839240347,76.04166666666666,22.00919207900343,0.2795661508212106,57.291666666666664,183.7981541629336,0.6981225534900684,67.1875,5.33282494232932,-0.4079744186782949,43.22916666666667
P2-E9,P2,False,112.96859348997152,1.4415972495777134,91.66666666666666,362.1258547665807,1.8515258975869417,97.91666666666666,337.10775382722477,1.8208906771501687,96.875,722.1359502795984,1.8848578621790866,98.4375,78.03817535450105,1.0837933792398347,84.375,45.06142846185244,-0.1406496747932322,45.3125,4.40523313503774,-0.4967466523953333,41.66666666666667
P2-E10,P2,False,582.1554314648747,2.522790367993959,100.0,40.90402558581581,0.5407216556892085,64.0625,382.73339958513753,1.8948318022990709,97.91666666666666,24.25868963395878,0.08891290816112998,54.6875,226.81031647437138,1.7736759704822016,96.875,1321.6481701094383,1.8863642832928202,99.47916666666666,663.9908585346968,2.200634052305595,98.95833333333334
P2-E11,P2,False,382.7154169525748,2.245591212867358,97.91666666666666,608.5480995985456,2.1659490444266076,99.47916666666666,24.16017793341694,0.303261978455696,59.375,932.9243861849214,2.0218110745146785,99.47916666666666,41.332538515250114,0.6768855958420216,73.95833333333334,287.1636359584615,0.9663437645295806,83.33333333333334,85.58447356301349,1.0579576004906943,81.77083333333334
P2-E12,P2,False,8.02011774699177,-0.238254059481489,45.83333333333333,50.96503764349588,0.671348313343448,69.79166666666666,21.98967916618981,0.25056347625753667,57.291666666666664,72.44356063590507,0.6603656294775385,68.75,27.915249669782124,0.4284644891635403,63.020833333333336,230.43659540301326,0.8339898169700264,76.5625,69.6799642262432,0.9441982831130417,76.5625
P2-F1,P2,False,93.29618500027605,1.3161069214193826,90.625,215.98744370568426,1.5389592887483055,94.27083333333334,363.2503608357192,1.8643947859051841,97.39583333333334,322.74373171174153,1.454589991223334,94.27083333333334,36.038968316124404,0.5898273845343692,69.79166666666666,391.7446677436584,1.153281248470117,89.58333333333334,76.26830072320108,0.9941514730068371,79.6875
P2-F2,P2,False,18.467957091349728,0.27124650200776595,60.9375,100.03566100976705,1.074965041593573,86.45833333333334,102.47114168199248,1.129239082770427,87.5,168.44365780423556,1.107957960781231,85.9375,10.584102948860796,-0.1676724281887307,44.27083333333333,90.54660877464535,0.27404426764760864,49.47916666666667,1.5782004632275783,-0.9116755071230169,20.3125
P2-F3,P2,False,415.7595493299892,2.3003010406188285,98.4375,30.13964657817319,0.36049394030532594,56.770833333333336,443.25233261560544,1.9803744924739901,99.47916666666666,0.0,-1.639970146469856,3.125,502.8144587008369,2.290930167861094,99.47916666666666,1133.8901407868352,1.7939312844644482,98.95833333333334,633.106350348913,2.173978303367171,98.4375
P2-F4,P2,False,17.744387340217983,0.2461622874547853,59.375,53.57736765586615,0.7011220849711756,70.3125,4.210366399144616,-0.6165158920725131,29.6875,71.89223907493296,0.6563313951682609,68.22916666666666,12.705794530327182,-0.058065568553867734,46.875,115.04915061007996,0.41723118696755923,55.208333333333336,138.8559400797444,1.3267158016402398,90.625
P2-F5,P2,False,295.6907144941596,2.0752454547316086,96.875,338.6191625456467,1.8109005530677273,96.875,230.63641167609177,1.5999753302115884,95.83333333333334,549.3729345605692,1.738694299521872,96.35416666666666,143.08253855941336,1.475112662441235,92.70833333333334,482.3330691620963,1.2785857492936676,93.22916666666666,175.59588298217633,1.4574543563911206,91.66666666666666
P2-F6,P2,True,20.404703242236067,0.33405769324992357,64.58333333333334,54.79112394989751,0.7144740489850894,71.35416666666666,41.88775035688378,0.6147922312836899,65.10416666666666,76.18880162567845,0.686994679238971,69.79166666666666,52.879136631152406,0.8340683790104333,77.60416666666666,189.38762892935137,0.7161128545446316,68.75,88.55688826703931,1.0768766489636008,82.29166666666666
P2-F7,P2,False,67.29471168490359,1.102449715241262,85.41666666666666,45.128440216499925,0.5990256916148142,67.1875,74.6247920522974,0.9461093991856218,76.5625,52.31504369830597,0.48887916726696035,61.458333333333336,30.16935808748204,0.47738556109886254,66.14583333333334,230.8549644093853,0.8350802196357605,77.08333333333334,24.994400800556637,0.38353511840667637,64.0625
P2-F8,P2,False,17.696922907182348,0.24448313795076468,58.854166666666664,10.988949330511312,-0.21891553368828334,47.39583333333333,121.19003566229019,1.2263709503129445,91.14583333333334,0.0,-1.639970146469856,3.125,28.23657587605431,0.4356667316430947,64.58333333333334,290.82407959231386,0.9739645961501797,84.375,8.207116371401728,-0.198216218632248,50.520833333333336
P2-F9,P2,False,128.87176726687647,1.5281073856955836,92.70833333333334,626.2010111287257,2.1832793208889916,100.0,0.0,-1.580709734223112,4.947916666666666,1200.7698223031966,2.156813780215439,100.0,17.584861508674184,0.14039703609007334,50.520833333333336,52.46189256475202,-0.05069616011675967,46.35416666666667,45.76941675098912,0.7127471954271394,70.3125
P2-F10,P2,False,13.82415885920169,0.09076736599273963,54.166666666666664,61.88093317725813,0.7870921406827498,72.91666666666666,26.023829507854913,0.3450018720416868,60.416666666666664,105.6263868795712,0.8599684332343003,76.5625,20.920934738303743,0.24798998198303543,56.25,105.2191900523263,0.363794536705101,51.5625,4.260231374744582,-0.5119882421623811,40.625
P2-F11,P2,False,9.10464737186574,-0.1630600280385373,48.95833333333333,80.05958302963282,0.941242635041774,80.20833333333334,106.02847336844484,1.1489839268873712,88.02083333333334,145.10810281669592,1.028626440646877,82.8125,28.12294871491577,0.4331289661673724,63.541666666666664,246.85898501446604,0.8753787887757208,79.6875,7.742203726243711,-0.22725848560178444,48.4375
P2-F12,P2,False,19.418292209074064,0.3028116371663631,61.979166666666664,43.27914271766847,0.5741884270994374,64.58333333333334,88.7563652899797,1.0461794556149742,83.33333333333334,71.24809448220688,0.6515791069510283,67.70833333333334,22.68567289620815,0.2984502935048483,58.333333333333336,212.8179251729128,0.7861848212227048,72.91666666666666,7.64967958074865,-0.23322227880833943,47.39583333333333
P2-G1,P2,False,74.80695749600318,1.1715637972392254,88.02083333333334,164.02597149236257,1.3727925225897086,93.22916666666666,122.16567990545774,1.2310164977783142,91.66666666666666,298.0252671816707,1.4120666488252305,93.22916666666666,37.51986482521236,0.6153764847490423,70.83333333333334,286.4766454774,0.9649027066644669,82.8125,62.918546714705336,0.8878379936991228,74.47916666666666
P2-G2,P2,False,31.75664822367901,0.6158548517653036,73.4375,63.33079328736114,0.8009296847367053,74.47916666666666,176.8275204918767,1.445557799342079,95.3125,101.7219127963943,0.8399952106537416,75.52083333333334,91.10674904929522,1.1835153672719552,86.97916666666666,379.8185069586357,1.1346637658609808,89.0625,319.2304877479646,1.7910544616180244,96.35416666666666
P2-G3,P2,False,10.906735664169538,-0.054373986926749246,51.5625,12.235202822677156,-0.15888325586943775,50.0,99.58034787592612,1.1126872645088202,86.45833333333334,14.412377190324273,-0.17557209096166365,47.91666666666667,25.47338739690903,0.37096518226735054,62.5,263.2565805696005,0.9140548598463661,80.72916666666666,9.65606827682539,-0.11629673522451861,53.645833333333336
P2-G4,P2,False,204.14378651196924,1.8308778425700674,95.3125,23.827822205745587,0.22299101850562617,54.6875,132.50911542155725,1.278120319428145,92.70833333333334,14.572539751630739,-0.17003707077680622,48.4375,62.95131657591995,0.9457566573233243,79.16666666666666,340.15710647392365,1.0682642928440784,88.02083333333334,135.59093615232254,1.3134753675327082,90.10416666666666
P2-G5,P2,True,27.328852195453724,0.5196750912724982,70.3125,19.76824691600403,0.11461181406011496,54.166666666666664,16.97001443164519,0.10666844509357343,52.604166666666664,14.35984868013758,-0.1773999439609291,47.39583333333333,66.2749613967392,0.9787759078689543,79.6875,129.98663104227063,0.49033319279360194,58.333333333333336,17.603182221123948,0.19601878169531495,60.416666666666664
P2-G6,P2,False,29.753433846934122,0.5740621244381378,71.35416666666666,85.23161129387324,0.9787889648423098,83.33333333333334,19.59239926364152,0.18623715751622785,54.6875,155.4981262822922,1.0654066407141989,84.375,126.31420065371724,1.394478428887358,90.625,243.7973937244386,0.8678748312788077,79.16666666666666,132.17118904512014,1.2992636590294815,89.58333333333334
P2-G7,P2,False,8.797900421872983,-0.18347636584114166,46.875,30.612461980762372,0.3696416582969116,57.291666666666664,13.582606033935857,-0.015341683007449628,50.520833333333336,54.69000873175736,0.5122128881181867,62.5,374.98834251631524,2.100208979194546,98.4375,229.7454538900069,0.8321841572900099,76.04166666666666,31.759473240997746,0.5131862566624429,65.10416666666666
P2-G8,P2,False,26.36602350627249,0.4967743823378133,69.79166666666666,99.91883088063909,1.0742627092896524,85.9375,125.9113070854074,1.2485158754696115,92.1875,172.39547499465186,1.1203012346603478,86.97916666666666,48.592193851180674,0.7800356554783031,76.5625,331.3589168979205,1.0524899324257593,86.97916666666666,74.44118933808959,0.9807383554695345,79.16666666666666
P2-G9,P2,False,18.59134548268574,0.27543080510652435,61.458333333333336,38.615995601228846,0.5066374825097484,61.458333333333336,67.4863623042076,0.8881932101350656,74.47916666666666,69.8418549686428,0.6410553981839584,67.1875,29.99753018893525,0.4737829599753189,65.625,305.66230510046023,1.0039078072805379,85.9375,8.182756125414109,-0.1997011733622193,49.47916666666667
P2-G10,P2,False,25.844866140220283,0.4840403015943209,69.27083333333334,72.36875832697204,0.8807299256399906,78.125,78.5483717065492,0.9756553346086992,77.08333333333334,117.78298962595598,0.9177735802986225,78.64583333333334,36.96091701737936,0.6058505589209139,70.3125,332.1373718240994,1.0539023714321831,87.5,15.211218116747803,0.11887684863334111,58.854166666666664
P2-G11,P2,False,43.3037407564589,0.8158391323423485,78.64583333333334,27.36576688383651,0.30385863146667674,56.25,2.1006683280340384,-0.9196982065579533,21.875,37.18825855139454,0.31022282579491256,57.291666666666664,19.03118710255664,0.18923774556162706,53.125,108.0726847657666,0.3797995683306115,52.083333333333336,33.33297069015869,0.5394817960493711,66.14583333333334
P2-G12,P2,True,16.317252343499774,0.19371556650932656,56.770833333333336,17.305764870989297,0.037998848784137486,53.125,39.99916270923778,0.588486182046067,64.58333333333334,30.435786982780282,0.2060449666900905,55.729166666666664,116.25948997438354,1.3408635638752844,89.58333333333334,134.43875960887863,0.5105128686911881,59.375,66.00593266856052,0.9142779417699423,75.0
P2-H1,P2,False,59.324696079563616,1.0202668401199926,83.33333333333334,87.12811649843597,0.9919948112162726,83.85416666666666,0.0,-1.580709734223112,4.947916666666666,143.29369180994954,1.0219361235999838,82.29166666666666,60.38182747210897,0.9190313795902725,78.64583333333334,123.92093430298505,0.461707197805504,57.8125,40.07951195057245,0.6400384013730733,68.75
P2-H2,P2,False,7.372343538848142,-0.2876095431892052,44.27083333333333,72.04634374515952,0.8780564836855326,77.60416666666666,53.71200903630918,0.757026058155025,68.75,105.89086095550626,0.8612947737599677,77.08333333333334,18.291921255103645,0.16473106440041552,52.604166666666664,189.1003218045857,0.7152010804652137,68.22916666666666,72.66308716341956,0.967369408194939,78.125
P2-H3,P2,False,33.79869353531812,0.6559055303846199,75.0,305.59642195206067,1.7488057280620648,95.3125,85.9258800724862,1.0274621020309695,81.25,513.2063975258563,1.7023027346989936,95.83333333333334,100.56663177223017,1.2472304247485706,88.02083333333334,867.8482411512532,1.6326580096066343,96.35416666666666,371.7724932857967,1.8762105669834923,97.91666666666666
P2-H4,P2,False,74.38048976870333,1.1678274824148553,87.5,63.01415068769769,0.797934437230156,73.95833333333334,17.64952450914028,0.12834908962658195,53.125,111.85086614560475,0.8903447181706345,77.60416666666666,9.646069678033044,-0.22270425003216884,42.70833333333333,22.449879269136545,-0.548242543688774,41.14583333333333,7.189120205858425,-0.26389079988118963,46.35416666666667
P2-H5,P2,False,0.0,-1.6949114961552976,3.90625,25.57823135548339,0.2643466349006522,55.208333333333336,42.56069930136816,0.6238866089498022,65.625,40.254486064310164,0.3515723583564682,58.333333333333336,159.46488499782166,1.545293916201069,94.79166666666666,133.71205477567403,0.5072647305867407,58.854166666666664,12.551571759170125,0.018433704286647236,57.291666666666664
P2-H6,P2,False,4.464786219875727,-0.5701441972922084,31.25,62.93831739842254,0.7972149012198266,73.4375,26.326845651566263,0.35151522523754625,60.9375,94.5642625119577,0.8013254528827674,73.4375,20.736212704744283,0.24247496997644225,54.166666666666664,291.593915943357,0.9755551806880006,84.89583333333334,85.35549121759954,1.0564733168673572,81.25
P2-H7,P2,False,14.711217162808556,0.12925692901229172,55.208333333333336,16.463712905060362,0.00941321692734058,52.604166666666664,30.034175153870958,0.4258278853969398,61.979166666666664,21.73153324708891,0.03247304564137592,53.125,82.42540656707064,1.118999698674976,85.41666666666666,298.0515734073741,0.9887350882760944,85.41666666666666,106.08108765989321,1.1770459236545299,83.85416666666666
P2-H8,P2,False,16.91638786097241,0.21624142178268307,57.291666666666664,8.842258992036928,-0.33868290581039967,44.27083333333333,32.61005999455557,0.4724042901522142,63.541666666666664,5.824367462063856,-0.6117433678928698,28.645833333333332,24.436639417620302,0.34493002392217464,60.9375,77.63280876776128,0.18223968071161104,47.91666666666667,43.38057518180955,0.6833612151246717,69.27083333333334
P2-H9,P2,False,20.41555298712897,0.33439330885662394,65.10416666666666,125.50421162836226,1.2114269879927397,88.54166666666666,109.74165939821039,1.1689057826370883,89.58333333333334,198.37966581736725,1.1950616640810583,89.58333333333334,32.34212695681695,0.5213014131056747,67.1875,235.99750959701575,0.8483248850789622,78.125,11.096560742932558,-0.04522929325855068,56.770833333333336
P2-H10,P2,False,25.017543702489387,0.4633085889190102,68.22916666666666,56.9161200356234,0.7371654768421839,71.875,94.18053120070711,1.0804541257813725,84.89583333333334,88.5718690116,0.7666545186736748,72.39583333333334,23.70750172233955,0.32597604076767206,58.854166666666664,196.0966027157706,0.7370215595656473,70.83333333333334,5.553436035415164,-0.38878097657127897,44.27083333333333
P2-H11,P2,False,19.56641556156143,0.307598769736931,62.5,47.01218059883352,0.6233221638182426,68.22916666666666,101.36684802399901,1.1229714647772855,86.97916666666666,79.91519215413011,0.7122370787588711,71.35416666666666,18.152293893227526,0.15999713291429432,52.083333333333336,180.8357659438371,0.6883659096391609,66.66666666666666,22.214084638146254,0.32012961236858267,62.5
P2-H12,P2,False,16.263240302567908,0.19164670395642724,56.25,12.551605037470788,-0.14454223698806326,50.520833333333336,11.445385978347279,-0.10791427091431892,47.91666666666667,23.301164284898654,0.06822202722221826,53.645833333333336,153.52894390139846,1.5207287628844046,93.75,957.1847143574005,1.691747544798909,96.875,236.59476658629043,1.6237578391560819,94.79166666666666
