DeviceId,PenId,ExportId,WellPlateID,WellPlateIndex,WellRow,WellColumn,NumCellsInPenBeforeUnpen,NumCellsInPenBeforeUnpenVerified,NumCellsUnpenned,NumCellsUnpennedVerified,CellType,ExportVolumeMicroLiters,OepVoltageP2PSet,OepFrequency,IsUnpenSuccess,UnpenMethod,BubbleUnpen,MinYieldEnabled,MinYieldThreshold,RepenRequired,LaserOutputPercentage,LaserSpeedMicronsPerSecond,LaserOffsetX,LaserOffsetY,NestTempDegC,UnpenDurationSeconds,Objective,TimeStamp,UnloadDurationSeconds,Instrument,NestId
D122782,1518,ubi0pku5Ee-zcA,20240726 export plate 1,0,A,1,1,1,1,1,20240726 Mosaic-7com-mi3 D84,10,6,2,True,OEP Unpen,False,False,1,False,0,0,1027,997,18,48.11023712158203,4x,2024-07-26_18-47-11,119.34447,BSN0146,1
D122782,1534,ubjKHEu5Ee-3Wg,20240726 export plate 1,0,A,2,2,2,2,2,20240726 Mosaic-7com-mi3 D84,10,6,2,True,OEP Unpen,False,False,1,False,0,0,1027,997,18,48.65985870361328,4x,2024-07-26_18-49-11,119.65453,BSN0146,1
D122782,1582,ubjPeEu5Ee-Hjg,20240726 export plate 1,0,A,3,1,1,2,2,20240726 Mosaic-7com-mi3 D84,10,6,2,True,OEP Unpen,False,False,1,False,0,0,1027,997,18,48.31372833251953,4x,2024-07-26_18-51-09,118.61581,BSN0146,1
D122782,2288,ubjTDEu5Ee-svw,20240726 export plate 1,0,A,4,1,1,0,0,20240726 Mosaic-7com-mi3 D84,10,6,2,True,OEP Unpen,False,False,1,False,0,0,1027,997,18,95.96099090576172,4x,2024-07-26_18-53-59,169.25014,BSN0146,1
D122782,2600,ubjVbku5Ee-olg,20240726 export plate 1,0,A,5,1,1,1,1,20240726 Mosaic-7com-mi3 D84,10,6,2,True,OEP Unpen,False,False,1,False,0,0,1027,997,18,48.240501403808594,4x,2024-07-26_18-55-59,120.20683,BSN0146,1
D122782,2677,ubjYaEu5Ee-tpA,20240726 export plate 1,0,A,6,1,1,1,1,20240726 Mosaic-7com-mi3 D84,10,6,2,True,OEP Unpen,False,False,1,False,0,0,1027,997,18,48.383888244628906,4x,2024-07-26_18-57-59,120.11211,BSN0146,1
D122782,3069,ubjb_Uu5Ee-Iog,20240726 export plate 1,0,A,7,1,1,1,1,20240726 Mosaic-7com-mi3 D84,10,6,2,True,OEP Unpen,False,False,1,False,0,0,1027,997,18,48.391334533691406,4x,2024-07-26_18-59-59,119.80827,BSN0146,1
D122782,3588,ubje-Eu5Ee-U8Q,20240726 export plate 1,0,A,8,1,1,1,1,20240726 Mosaic-7com-mi3 D84,10,6,2,True,OEP Unpen,False,False,1,False,0,0,1027,997,18,48.133209228515625,4x,2024-07-26_19-02-00,120.78091,BSN0146,1
D122782,4303,ubjh80u5Ee-IHQ,20240726 export plate 1,0,A,9,1,1,2,2,20240726 Mosaic-7com-mi3 D84,10,6,2,True,OEP Unpen,False,False,1,False,0,0,1027,997,18,48.448699951171875,4x,2024-07-26_19-04-00,119.98053,BSN0146,1
D122782,5103,ubjk7ku5Ee-FZw,20240726 export plate 1,0,A,10,1,1,1,1,20240726 Mosaic-7com-mi3 D84,10,6,2,True,OEP Unpen,False,False,1,False,0,0,1027,997,18,48.455322265625,4x,2024-07-26_19-06-03,121.98385,BSN0146,1
D122782,5159,ubjogEu5Ee-gfg,20240726 export plate 1,0,A,11,1,1,2,2,20240726 Mosaic-7com-mi3 D84,10,6,2,True,OEP Unpen,False,False,1,False,0,0,1027,997,18,48.38606262207031,4x,2024-07-26_19-08-04,121.26752,BSN0146,1
D122782,5439,ubjsYUu5Ee-CpQ,20240726 export plate 1,0,A,12,1,1,1,1,20240726 Mosaic-7com-mi3 D84,10,6,2,True,OEP Unpen,False,False,1,False,0,0,1027,997,18,48.89387512207031,4x,2024-07-26_19-10-07,122.47334,BSN0146,1
D122782,5647,ubjxcEu5Ee-NnQ,20240726 export plate 1,0,B,1,2,2,2,2,20240726 Mosaic-7com-mi3 D84,10,6,2,True,OEP Unpen,False,False,1,False,0,0,1027,997,18,48.93843078613281,4x,2024-07-26_19-12-07,120.42334,BSN0146,1
D122782,5845,ubj2gku5Ee-nUg,20240726 export plate 1,0,B,2,1,1,1,1,20240726 Mosaic-7com-mi3 D84,10,6,2,True,OEP Unpen,False,False,1,False,0,0,1027,997,18,48.813438415527344,4x,2024-07-26_19-14-07,119.84418,BSN0146,1
D122782,6319,ubj9Xku5Ee-hDA,20240726 export plate 1,0,B,3,0,0,0,0,,10,6,2,True,OEP Unpen,False,False,1,False,0,0,1027,997,18,95.66130065917969,4x,2024-07-26_19-16-57,170.06107,BSN0146,1
D122782,7595,ubkA8Eu5Ee-6wA,20240726 export plate 1,0,B,4,1,1,2,2,20240726 Mosaic-7com-mi3 D84,10,6,2,True,OEP Unpen,False,False,1,False,0,0,1027,997,18,48.391754150390625,4x,2024-07-26_19-19-55,120.14972,BSN0146,1
D122782,9426,ubkD60u5Ee-G5A,20240726 export plate 1,0,B,5,2,2,1,1,20240726 Mosaic-7com-mi3 D84,10,6,2,True,OEP Unpen,False,False,1,False,0,0,1027,997,18,48.288856506347656,4x,2024-07-26_19-21-54,118.95911,BSN0146,1
D122782,10512,ubkG5ku5Ee-WMg,20240726 export plate 1,0,B,6,1,1,1,1,20240726 Mosaic-7com-mi3 D84,10,6,2,True,OEP Unpen,False,False,1,False,0,0,1027,997,18,48.23912048339844,4x,2024-07-26_19-23-53,119.25671,BSN0146,1
D122782,11018,ubkI_Uu5Ee--vg,20240726 export plate 1,0,B,7,1,1,1,1,20240726 Mosaic-7com-mi3 D84,10,6,2,True,OEP Unpen,False,False,1,False,0,0,1027,997,18,48.01173400878906,4x,2024-07-26_19-25-51,118.03853,BSN0146,1
D122782,12043,ubkLEUu5Ee-Pfg,20240726 export plate 1,0,B,8,2,2,2,2,20240726 Mosaic-7com-mi3 D84,10,6,2,True,OEP Unpen,False,False,1,False,0,0,1027,997,18,48.214637756347656,4x,2024-07-26_19-27-51,119.36684,BSN0146,1
D122782,12588,ubkM3Eu5Ee-Krw,20240726 export plate 1,0,B,9,1,1,1,1,20240726 Mosaic-7com-mi3 D84,10,6,2,True,OEP Unpen,False,False,1,False,0,0,1027,997,18,48.27470397949219,4x,2024-07-26_19-29-53,121.84325,BSN0146,1
D122782,12932,ubkPiku5Ee-4uw,20240726 export plate 1,0,B,10,1,1,1,1,20240726 Mosaic-7com-mi3 D84,10,6,2,True,OEP Unpen,False,False,1,False,0,0,1027,997,18,48.34056854248047,4x,2024-07-26_19-31-54,120.73897,BSN0146,1
D122782,12943,ubkRoUu5Ee-Zmg,20240726 export plate 1,0,B,11,1,1,1,1,20240726 Mosaic-7com-mi3 D84,10,6,2,True,OEP Unpen,False,False,1,False,0,0,1027,997,18,48.57904815673828,4x,2024-07-26_19-33-54,120.15629,BSN0146,1
D122782,13630,ubkUAku5Ee-t3w,20240726 export plate 1,0,B,12,1,1,1,1,20240726 Mosaic-7com-mi3 D84,10,6,2,True,OEP Unpen,False,False,1,False,0,0,1027,997,18,48.765602111816406,4x,2024-07-26_19-35-54,119.96355,BSN0146,1
D122782,13687,ubkWGUu5Ee-ZQA,20240726 export plate 1,0,C,1,1,1,1,1,20240726 Mosaic-7com-mi3 D84,10,6,2,True,OEP Unpen,False,False,1,False,0,0,1027,997,18,48.37566375732422,4x,2024-07-26_19-37-53,118.81006,BSN0146,1
D122782,14091,ubkX40u5Ee-tAQ,20240726 export plate 1,0,C,2,1,1,1,1,20240726 Mosaic-7com-mi3 D84,10,6,2,True,OEP Unpen,False,False,1,False,0,0,1027,997,18,48.62566375732422,4x,2024-07-26_19-39-52,118.43915,BSN0146,1
D122782,14586,ubkZ-ku5Ee-Dbw,20240726 export plate 1,0,C,3,1,1,1,1,20240726 Mosaic-7com-mi3 D84,10,6,2,True,OEP Unpen,False,False,1,False,0,0,1027,997,18,48.35649108886719,4x,2024-07-26_19-41-52,120.36918,BSN0146,1
D122782,14854,ubkcD0u5Ee-fbw,20240726 export plate 1,0,C,4,1,1,1,1,20240726 Mosaic-7com-mi3 D84,10,6,2,True,OEP Unpen,False,False,1,False,0,0,1027,997,18,48.731224060058594,4x,2024-07-26_19-43-52,119.95628,BSN0146,1
D122782,16040,ubkfCku5Ee-LIQ,20240726 export plate 1,0,C,5,1,1,1,1,20240726 Mosaic-7com-mi3 D84,10,6,2,True,OEP Unpen,False,False,1,False,0,0,1027,997,18,48.348716735839844,4x,2024-07-26_19-45-52,119.91122,BSN0146,1
D122782,16835,ubkiBUu5Ee--5A,20240726 export plate 1,0,C,6,1,1,1,1,20240726 Mosaic-7com-mi3 D84,10,6,2,True,OEP Unpen,False,False,1,False,0,0,1027,997,18,48.29335021972656,4x,2024-07-26_19-48-49,120.30278,BSN0146,1
D122782,16918,ubkkHEu5Ee-kWg,20240726 export plate 1,0,C,7,1,1,1,1,20240726 Mosaic-7com-mi3 D84,10,6,2,True,OEP Unpen,False,False,1,False,0,0,1027,997,18,48.17290496826172,4x,2024-07-26_19-50-48,118.49448,BSN0146,1
D122782,16919,ubkl5ku5Ee-G8A,20240726 export plate 1,0,C,8,2,2,2,2,20240726 Mosaic-7com-mi3 D84,10,6,2,True,OEP Unpen,False,False,1,False,0,0,1027,997,18,48.2569580078125,4x,2024-07-26_19-52-46,118.14611,BSN0146,1
D122782,18320,ubkn-ku5Ee-7Gg,20240726 export plate 1,0,C,9,1,1,1,1,20240726 Mosaic-7com-mi3 D84,10,6,2,True,OEP Unpen,False,False,1,False,0,0,1027,997,18,48.305747985839844,4x,2024-07-26_19-54-46,119.62163,BSN0146,1
D122782,18660,ubkqEUu5Ee-lFA,20240726 export plate 1,0,C,10,1,1,1,1,20240726 Mosaic-7com-mi3 D84,10,6,2,True,OEP Unpen,False,False,1,False,0,0,1027,997,18,48.060218811035156,4x,2024-07-26_19-56-44,117.7638,BSN0146,1
D122782,19421,ubkr3Eu5Ee-UIg,20240726 export plate 1,0,C,11,1,1,1,1,20240726 Mosaic-7com-mi3 D84,10,6,2,True,OEP Unpen,False,False,1,False,0,0,1027,997,18,48.174835205078125,4x,2024-07-26_19-58-44,119.87357,BSN0146,1
D122782,4527,ubkt8Eu5Ee-5rQ,20240726 export plate 1,0,C,12,1,1,1,1,20240726 Mosaic-7-mi3 D84,10,6,2,True,OEP Unpen,False,False,1,False,0,0,1027,997,18,48.726470947265625,4x,2024-07-26_20-00-44,120.06701,BSN0146,1
D122782,9071,ubkwB0u5Ee-SaQ,20240726 export plate 1,0,D,1,1,1,2,2,20240726 Mosaic-7-mi3 D84,10,6,2,True,OEP Unpen,False,False,1,False,0,0,1027,997,18,48.114471435546875,4x,2024-07-26_20-02-42,117.81548,BSN0146,1
D122782,10078,ubkyHku5Ee-5ig,20240726 export plate 1,0,D,2,1,1,1,1,20240726 Mosaic-7-mi3 D84,10,6,2,True,OEP Unpen,False,False,1,False,0,0,1027,997,18,48.36778259277344,4x,2024-07-26_20-04-42,119.6717,BSN0146,1
D122782,10164,ubkz5ku5Ee-aow,20240726 export plate 1,0,D,3,1,1,1,1,20240726 Mosaic-7-mi3 D84,10,6,2,True,OEP Unpen,False,False,1,False,0,0,1027,997,18,48.275611877441406,4x,2024-07-26_20-06-41,119.29091,BSN0146,1
D122782,10390,ubk1_Uu5Ee-v6w,20240726 export plate 1,0,D,4,1,1,2,2,20240726 Mosaic-7-mi3 D84,10,6,2,True,OEP Unpen,False,False,1,False,0,0,1027,997,18,48.057701110839844,4x,2024-07-26_20-08-40,118.58936,BSN0146,1
D122782,10526,ubk4FEu5Ee-tXA,20240726 export plate 1,0,D,5,2,2,2,2,20240726 Mosaic-7-mi3 D84,10,6,2,True,OEP Unpen,False,False,1,False,0,0,1027,997,18,48.342620849609375,4x,2024-07-26_20-10-39,119.22167,BSN0146,1
D122782,11592,ubk53Eu5Ee-Wdw,20240726 export plate 1,0,D,6,2,2,2,2,20240726 Mosaic-7-mi3 D84,10,6,2,True,OEP Unpen,False,False,1,False,0,0,1027,997,18,48.063568115234375,4x,2024-07-26_20-12-39,119.64265,BSN0146,1
D122782,11632,ubk780u5Ee-riA,20240726 export plate 1,0,D,7,1,1,1,1,20240726 Mosaic-7-mi3 D84,10,6,2,True,OEP Unpen,False,False,1,False,0,0,1027,997,18,48.18516540527344,4x,2024-07-26_20-14-39,119.13079,BSN0146,1
D122782,11667,ubk-Cku5Ee-y5Q,20240726 export plate 1,0,D,8,1,1,0,0,20240726 Mosaic-7-mi3 D84,10,6,2,True,OEP Unpen,False,False,1,False,0,0,1027,997,18,95.96517181396484,4x,2024-07-26_20-17-26,167.3578,BSN0146,1
D122782,11799,ublAHku5Ee-FTw,20240726 export plate 1,0,D,9,1,1,1,1,20240726 Mosaic-7-mi3 D84,10,6,2,True,OEP Unpen,False,False,1,False,0,0,1027,997,18,48.819305419921875,4x,2024-07-26_20-20-23,118.91048,BSN0146,1
D122782,11879,ublB6Eu5Ee-udQ,20240726 export plate 1,0,D,10,1,1,2,2,20240726 Mosaic-7-mi3 D84,10,6,2,True,OEP Unpen,False,False,1,False,0,0,1027,997,18,48.41095733642578,4x,2024-07-26_20-22-23,119.43995,BSN0146,1
D122782,15426,ublEAEu5Ee-W5g,20240726 export plate 1,0,D,11,1,1,0,0,20240726 Mosaic-7-mi3 D84,10,6,2,True,OEP Unpen,False,False,1,False,0,0,1027,997,18,96.17025756835938,4x,2024-07-26_20-25-09,165.70236,BSN0146,1
D122782,16653,ublIeEu5Ee-g2A,20240726 export plate 1,0,D,12,1,1,1,1,20240726 Mosaic-7-mi3 D84,10,6,2,True,OEP Unpen,False,False,1,False,0,0,1027,997,18,48.58624267578125,4x,2024-07-26_20-27-08,119.54115,BSN0146,1
D122782,17173,ublMCku5Ee-Hhw,20240726 export plate 1,0,E,1,1,1,0,0,20240726 Mosaic-7-mi3 D84,10,6,2,True,OEP Unpen,False,False,1,False,0,0,1027,997,18,96.24273681640625,4x,2024-07-26_20-29-53,164.75433,BSN0146,1
D122782,18436,ublPBUu5Ee-_Bg,20240726 export plate 1,0,E,2,1,1,0,0,20240726 Mosaic-7-mi3 D84,10,6,2,True,OEP Unpen,False,False,1,False,0,0,1027,997,18,95.58122253417969,4x,2024-07-26_20-32-39,165.69687,BSN0146,1
D122782,19394,ublS5ku5Ee-8MA,20240726 export plate 1,0,E,3,1,1,1,1,20240726 Mosaic-7-mi3 D84,10,6,2,True,OEP Unpen,False,False,1,False,0,0,1027,997,18,48.35462188720703,4x,2024-07-26_20-34-39,119.52248,BSN0146,1
D122782,19746,ublU-ku5Ee-Nzg,20240726 export plate 1,0,E,4,1,1,2,2,20240726 Mosaic-7-mi3 D84,10,6,2,True,OEP Unpen,False,False,1,False,0,0,1027,997,18,48.3109130859375,4x,2024-07-26_20-36-37,118.28406,BSN0146,1
D122782,19855,ublXEUu5Ee-T9A,20240726 export plate 1,0,E,5,1,1,1,1,20240726 Mosaic-7-mi3 D84,10,6,2,True,OEP Unpen,False,False,1,False,0,0,1027,997,18,48.611854553222656,4x,2024-07-26_20-38-36,118.7913,BSN0146,1
D122782,126,ublY3Eu5Ee-_zg,20240726 export plate 1,0,E,6,1,1,1,1,20240726 Mosaic-7com-mi3 D84,10,6,2,True,OEP Unpen,False,False,1,False,0,0,1027,997,18,48.348426818847656,4x,2024-07-26_20-40-37,120.97041,BSN0146,1
D122782,243,ubla8Eu5Ee-DTA,20240726 export plate 1,0,E,7,1,1,1,1,20240726 Mosaic-7com-mi3 D84,10,6,2,True,OEP Unpen,False,False,1,False,0,0,1027,997,18,48.186859130859375,4x,2024-07-26_20-42-37,119.97175,BSN0146,1
D122782,775,ubldB0u5Ee-XPw,20240726 export plate 1,0,E,8,2,2,2,2,20240726 Mosaic-7com-mi3 D84,10,6,2,True,OEP Unpen,False,False,1,False,0,0,1027,997,18,48.29313659667969,4x,2024-07-26_20-44-37,119.24896,BSN0146,1
D122782,988,ublfHku5Ee-k4w,20240726 export plate 1,0,E,9,1,1,1,1,20240726 Mosaic-7com-mi3 D84,10,6,2,True,OEP Unpen,False,False,1,False,0,0,1027,997,18,48.173248291015625,4x,2024-07-26_20-46-36,118.78559,BSN0146,1
D122782,1059,ublg5ku5Ee-B7Q,20240726 export plate 1,0,E,10,1,1,1,1,20240726 Mosaic-7com-mi3 D84,10,6,2,True,OEP Unpen,False,False,1,False,0,0,1027,997,18,48.32012939453125,4x,2024-07-26_20-49-33,119.37768,BSN0146,1
D122782,1942,ubli_Uu5Ee-zlQ,20240726 export plate 1,0,E,11,1,1,1,1,20240726 Mosaic-7com-mi3 D84,10,6,2,True,OEP Unpen,False,False,1,False,0,0,1027,997,18,48.16999816894531,4x,2024-07-26_20-51-34,120.88273,BSN0146,1
D122782,1958,ubllFEu5Ee-vqw,20240726 export plate 1,0,E,12,1,1,1,1,20240726 Mosaic-7com-mi3 D84,10,6,2,True,OEP Unpen,False,False,1,False,0,0,1027,997,18,48.2708740234375,4x,2024-07-26_20-53-35,121.18047,BSN0146,1
D122782,2224,ublmkUu5Ee-Zqw,20240726 export plate 1,0,F,1,1,1,1,1,20240726 Mosaic-7com-mi3 D84,10,6,2,True,OEP Unpen,False,False,1,False,0,0,1027,997,18,48.337738037109375,4x,2024-07-26_20-55-35,119.09665,BSN0146,1
D122782,2396,ubloXEu5Ee-mFw,20240726 export plate 1,0,F,2,1,1,2,2,20240726 Mosaic-7com-mi3 D84,10,6,2,True,OEP Unpen,False,False,1,False,0,0,1027,997,18,48.536460876464844,4x,2024-07-26_20-57-33,118.77964,BSN0146,1
D122782,2956,ublqcEu5Ee-Xhg,20240726 export plate 1,0,F,3,1,1,1,1,20240726 Mosaic-7com-mi3 D84,10,6,2,True,OEP Unpen,False,False,1,False,0,0,1027,997,18,48.2247314453125,4x,2024-07-26_20-59-31,117.55796,BSN0146,1
D122782,3492,ublta0u5Ee-ylQ,20240726 export plate 1,0,F,4,1,1,1,1,20240726 Mosaic-7com-mi3 D84,10,6,2,True,OEP Unpen,False,False,1,False,0,0,1027,997,18,48.330047607421875,4x,2024-07-26_21-01-31,119.65277,BSN0146,1
D122782,3602,ublu6Eu5Ee-vDg,20240726 export plate 1,0,F,5,1,1,1,1,20240726 Mosaic-7com-mi3 D84,10,6,2,True,OEP Unpen,False,False,1,False,0,0,1027,997,18,48.317039489746094,4x,2024-07-26_21-03-30,118.92549,BSN0146,1
D122782,3714,ublxAEu5Ee-KRw,20240726 export plate 1,0,F,6,1,1,1,1,20240726 Mosaic-7com-mi3 D84,10,6,2,True,OEP Unpen,False,False,1,False,0,0,1027,997,18,48.57215881347656,4x,2024-07-26_21-05-29,119.11849,BSN0146,1
D122782,4159,ublyfUu5Ee-dGQ,20240726 export plate 1,0,F,7,2,2,2,2,20240726 Mosaic-7com-mi3 D84,10,6,2,True,OEP Unpen,False,False,1,False,0,0,1027,997,18,48.15167236328125,4x,2024-07-26_21-07-27,117.49908,BSN0146,1
D122782,4464,ubl0kUu5Ee-6Xw,20240726 export plate 1,0,F,8,1,1,2,2,20240726 Mosaic-7com-mi3 D84,10,6,2,True,OEP Unpen,False,False,1,False,0,0,1027,997,18,48.530738830566406,4x,2024-07-26_21-09-26,119.2864,BSN0146,1
D122782,4597,ubl2D0u5Ee-e5w,20240726 export plate 1,0,F,9,1,1,1,1,20240726 Mosaic-7com-mi3 D84,10,6,2,True,OEP Unpen,False,False,1,False,0,0,1027,997,18,48.67747497558594,4x,2024-07-26_21-11-25,118.08356,BSN0146,1
D122782,5268,ubl32Uu5Ee-ChQ,20240726 export plate 1,0,F,10,1,1,1,1,20240726 Mosaic-7com-mi3 D84,10,6,2,True,OEP Unpen,False,False,1,False,0,0,1027,997,18,48.36090850830078,4x,2024-07-26_21-13-25,119.96421,BSN0146,1
D122782,5319,ubl5o0u5Ee-MAQ,20240726 export plate 1,0,F,11,1,1,1,1,20240726 Mosaic-7com-mi3 D84,10,6,2,True,OEP Unpen,False,False,1,False,0,0,1027,997,18,48.35204315185547,4x,2024-07-26_21-15-25,119.66238,BSN0146,1
D122782,5374,ubl7bku5Ee-QyQ,20240726 export plate 1,0,F,12,1,1,1,1,20240726 Mosaic-7com-mi3 D84,10,6,2,True,OEP Unpen,False,False,1,False,0,0,1027,997,18,24.418716430664062,4x,2024-07-26_21-17-57,96.47451,BSN0146,1
D122782,5522,ubl860u5Ee-mXA,20240726 export plate 1,0,G,1,1,1,1,1,20240726 Mosaic-7com-mi3 D84,10,6,2,True,OEP Unpen,False,False,1,False,0,0,1027,997,18,48.50177764892578,4x,2024-07-26_21-19-56,118.65771,BSN0146,1
D122782,5833,ubsXmUu5Ee-XAQ,20240726 export plate 1,0,G,2,1,1,1,1,20240726 Mosaic-7com-mi3 D84,10,6,2,True,OEP Unpen,False,False,1,False,0,0,1027,997,18,48.24198913574219,4x,2024-07-26_21-21-54,117.7753,BSN0146,1
D122782,6580,ubsc9Uu5Ee--Gg,20240726 export plate 1,0,G,3,1,1,1,1,20240726 Mosaic-7com-mi3 D84,10,6,2,True,OEP Unpen,False,False,1,False,0,0,1027,997,18,48.36009216308594,4x,2024-07-26_21-23-54,119.78029,BSN0146,1
D122782,6891,ubsgiku5Ee-jhQ,20240726 export plate 1,0,G,4,1,1,1,1,20240726 Mosaic-7com-mi3 D84,10,6,2,True,OEP Unpen,False,False,1,False,0,0,1027,997,18,48.43364715576172,4x,2024-07-26_21-25-53,119.14324,BSN0146,1
D122782,6934,ubskHEu5Ee-8TA,20240726 export plate 1,0,G,5,1,1,1,1,20240726 Mosaic-7com-mi3 D84,10,6,2,True,OEP Unpen,False,False,1,False,0,0,1027,997,18,48.173011779785156,4x,2024-07-26_21-27-51,117.72166,BSN0146,1
D122782,6977,ubsnF0u5Ee-ykQ,20240726 export plate 1,0,G,6,1,1,1,1,20240726 Mosaic-7com-mi3 D84,10,6,2,True,OEP Unpen,False,False,1,False,0,0,1027,997,18,48.527809143066406,4x,2024-07-26_21-29-51,120.04759,BSN0146,1
D122782,7116,ubsqEUu5Ee-ElQ,20240726 export plate 1,0,G,7,1,1,1,1,20240726 Mosaic-7com-mi3 D84,10,6,2,True,OEP Unpen,False,False,1,False,0,0,1027,997,18,48.323638916015625,4x,2024-07-26_21-31-50,118.13457,BSN0146,1
D122782,7310,ubstpku5Ee-cWg,20240726 export plate 1,0,G,8,1,1,1,1,20240726 Mosaic-7com-mi3 D84,10,6,2,True,OEP Unpen,False,False,1,False,0,0,1027,997,18,48.127784729003906,4x,2024-07-26_21-33-48,118.03725,BSN0146,1
D122782,7499,ubswoUu5Ee-Kbw,20240726 export plate 1,0,G,9,1,1,1,1,20240726 Mosaic-7com-mi3 D84,10,6,2,True,OEP Unpen,False,False,1,False,0,0,1027,997,18,48.310829162597656,4x,2024-07-26_21-35-46,117.63127,BSN0146,1
D122782,7685,ubsz6Eu5Ee-Kiw,20240726 export plate 1,0,G,10,1,1,1,1,20240726 Mosaic-7com-mi3 D84,10,6,2,True,OEP Unpen,False,False,1,False,0,0,1027,997,18,48.32477569580078,4x,2024-07-26_21-37-44,117.74361,BSN0146,1
D122782,7712,ubs240u5Ee-Z5A,20240726 export plate 1,0,G,11,1,1,1,1,20240726 Mosaic-7com-mi3 D84,10,6,2,True,OEP Unpen,False,False,1,False,0,0,1027,997,18,48.13518524169922,4x,2024-07-26_21-39-41,117.03398,BSN0146,1
D122782,7868,ubs6dUu5Ee-rpw,20240726 export plate 1,0,G,12,1,1,1,1,20240726 Mosaic-7com-mi3 D84,10,6,2,True,OEP Unpen,False,False,1,False,0,0,1027,997,18,48.084251403808594,4x,2024-07-26_21-41-39,117.82939,BSN0146,1
D122782,7875,ubs-Cku5Ee-5FQ,20240726 export plate 1,0,H,1,0,0,0,0,,10,6,2,True,OEP Unpen,False,False,1,False,0,0,1027,997,18,95.4266128540039,4x,2024-07-26_21-44-26,167.19307,BSN0146,1
D122782,8115,ubtDHEu5Ee-oTw,20240726 export plate 1,0,H,2,1,1,1,1,20240726 Mosaic-7com-mi3 D84,10,6,2,True,OEP Unpen,False,False,1,False,0,0,1027,997,18,48.12920379638672,4x,2024-07-26_21-46-26,119.38175,BSN0146,1
D122782,8140,ubtHlEu5Ee-_DQ,20240726 export plate 1,0,H,3,1,1,1,1,20240726 Mosaic-7com-mi3 D84,10,6,2,True,OEP Unpen,False,False,1,False,0,0,1027,997,18,48.432373046875,4x,2024-07-26_21-49-22,120.00394,BSN0146,1
D122782,8264,ubtK3Eu5Ee-5Sg,20240726 export plate 1,0,H,4,1,1,1,1,20240726 Mosaic-7com-mi3 D84,10,6,2,True,OEP Unpen,False,False,1,False,0,0,1027,997,18,48.50914001464844,4x,2024-07-26_21-51-22,119.53032,BSN0146,1
D122782,8405,ubtObku5Ee-1qA,20240726 export plate 1,0,H,5,1,1,2,2,20240726 Mosaic-7com-mi3 D84,10,6,2,True,OEP Unpen,False,False,1,False,0,0,1027,997,18,48.32710266113281,4x,2024-07-26_21-53-20,118.29176,BSN0146,1
D122782,8475,ubtRaEu5Ee-oAQ,20240726 export plate 1,0,H,6,1,1,1,1,20240726 Mosaic-7com-mi3 D84,10,6,2,True,OEP Unpen,False,False,1,False,0,0,1027,997,18,48.534645080566406,4x,2024-07-26_21-55-20,119.11172,BSN0146,1
D122782,8613,ubtU_Uu5Ee-smw,20240726 export plate 1,0,H,7,1,1,1,1,20240726 Mosaic-7com-mi3 D84,10,6,2,True,OEP Unpen,False,False,1,False,0,0,1027,997,18,48.693336486816406,4x,2024-07-26_21-57-18,118.48951,BSN0146,1
D122782,9142,ubtYj0u5Ee-VmA,20240726 export plate 1,0,H,8,1,1,1,1,20240726 Mosaic-7com-mi3 D84,10,6,2,True,OEP Unpen,False,False,1,False,0,0,1027,997,18,48.67974853515625,4x,2024-07-26_21-59-16,117.61569,BSN0146,1
D122782,9149,ubtcI0u5Ee-TWQ,20240726 export plate 1,0,H,9,1,1,1,1,20240726 Mosaic-7com-mi3 D84,10,6,2,True,OEP Unpen,False,False,1,False,0,0,1027,997,18,48.39878845214844,4x,2024-07-26_22-01-13,117.12171,BSN0146,1
D122782,9197,ubtfHku5Ee-UkQ,20240726 export plate 1,0,H,10,2,2,2,2,20240726 Mosaic-7com-mi3 D84,10,6,2,True,OEP Unpen,False,False,1,False,0,0,1027,997,18,48.259742736816406,4x,2024-07-26_22-03-11,117.20911,BSN0146,1
D122782,9471,ubtiZku5Ee-xGg,20240726 export plate 1,0,H,11,1,1,0,0,20240726 Mosaic-7com-mi3 D84,10,6,2,True,OEP Unpen,False,False,1,False,0,0,1027,997,18,95.81083679199219,4x,2024-07-26_22-06-00,169.16072,BSN0146,1
D122782,9885,ubtneEu5Ee-zuw,20240726 export plate 1,0,H,12,1,1,1,1,20240726 Mosaic-7com-mi3 D84,10,6,2,True,OEP Unpen,False,False,1,False,0,0,1027,997,18,48.211219787597656,4x,2024-07-26_22-08-02,121.65696,BSN0146,1
D122782,9918,ubtsh0u5Ee-udg,20240726 exports plate 2,1,A,1,1,1,1,1,20240726 Mosaic-7com-mi3 D84,10,6,2,True,OEP Unpen,False,False,1,False,0,0,1027,997,18,47.87748718261719,4x,2024-07-26_22-10-00,117.73025,BSN0146,1
D122782,10231,ubtwHEu5Ee-kLA,20240726 exports plate 2,1,A,2,1,1,1,1,20240726 Mosaic-7com-mi3 D84,10,6,2,True,OEP Unpen,False,False,1,False,0,0,1027,997,18,47.883262634277344,4x,2024-07-26_22-11-58,117.34614,BSN0146,1
D122782,10429,ubtzY0u5Ee-Vug,20240726 exports plate 2,1,A,3,1,1,3,3,20240726 Mosaic-7com-mi3 D84,10,6,2,True,OEP Unpen,False,False,1,False,0,0,1027,997,18,48.17315673828125,4x,2024-07-26_22-13-55,117.18288,BSN0146,1
D122782,10596,ubt29Uu5Ee-Bsw,20240726 exports plate 2,1,A,4,1,1,1,1,20240726 Mosaic-7com-mi3 D84,10,6,2,True,OEP Unpen,False,False,1,False,0,0,1027,997,18,47.856536865234375,4x,2024-07-26_22-15-52,116.94656,BSN0146,1
D122782,10649,ubt6iku5Ee-O1Q,20240726 exports plate 2,1,A,5,1,1,1,1,20240726 Mosaic-7com-mi3 D84,10,6,2,True,OEP Unpen,False,False,1,False,0,0,1027,997,18,48.198028564453125,4x,2024-07-26_22-18-47,117.33834,BSN0146,1
D122782,11079,ubt-aEu5Ee-LjA,20240726 exports plate 2,1,A,6,1,1,1,1,20240726 Mosaic-7com-mi3 D84,10,6,2,True,OEP Unpen,False,False,1,False,0,0,1027,997,18,47.93195343017578,4x,2024-07-26_22-20-46,119.12073,BSN0146,1
D122782,11326,ubuB_Uu5Ee-XMQ,20240726 exports plate 2,1,A,7,1,1,1,1,20240726 Mosaic-7com-mi3 D84,10,6,2,True,OEP Unpen,False,False,1,False,0,0,1027,997,18,47.806617736816406,4x,2024-07-26_22-22-45,118.79919,BSN0146,1
D122782,12087,ubuFkUu5Ee-K6Q,20240726 exports plate 2,1,A,8,1,1,1,1,20240726 Mosaic-7com-mi3 D84,10,6,2,True,OEP Unpen,False,False,1,False,0,0,1027,997,18,48.03190612792969,4x,2024-07-26_22-24-43,117.6918,BSN0146,1
D122782,12303,ubuIjEu5Ee-iow,20240726 exports plate 2,1,A,9,1,1,1,1,20240726 Mosaic-7com-mi3 D84,10,6,2,True,OEP Unpen,False,False,1,False,0,0,1027,997,18,47.97692108154297,4x,2024-07-26_22-26-40,116.52496,BSN0146,1
D122782,13049,ubuK7ku5Ee-J2Q,20240726 exports plate 2,1,A,10,1,1,1,1,20240726 Mosaic-7com-mi3 D84,10,6,2,True,OEP Unpen,False,False,1,False,0,0,1027,997,18,47.896018981933594,4x,2024-07-26_22-28-40,120.26608,BSN0146,1
D122782,14384,ubuPGUu5Ee-w1g,20240726 exports plate 2,1,A,11,1,1,1,1,20240726 Mosaic-7com-mi3 D84,10,6,2,True,OEP Unpen,False,False,1,False,0,0,1027,997,18,48.00010681152344,4x,2024-07-26_22-30-42,121.38406,BSN0146,1
D122782,14975,ubuSYUu5Ee-VwA,20240726 exports plate 2,1,A,12,1,1,1,1,20240726 Mosaic-7com-mi3 D84,10,6,2,True,OEP Unpen,False,False,1,False,0,0,1027,997,18,47.852622985839844,4x,2024-07-26_22-32-41,119.13413,BSN0146,1
D122782,15172,ubuV9Uu5Ee-A6A,20240726 exports plate 2,1,B,1,1,1,1,1,20240726 Mosaic-7com-mi3 D84,10,6,2,True,OEP Unpen,False,False,1,False,0,0,1027,997,18,47.92628479003906,4x,2024-07-26_22-34-39,117.58267,BSN0146,1
D122782,15966,ubuZh0u5Ee-SkA,20240726 exports plate 2,1,B,2,1,1,1,1,20240726 Mosaic-7com-mi3 D84,10,6,2,True,OEP Unpen,False,False,1,False,0,0,1027,997,18,47.895301818847656,4x,2024-07-26_22-36-38,119.40913,BSN0146,1
D122782,16104,ubueAEu5Ee-kow,20240726 exports plate 2,1,B,3,1,1,1,1,20240726 Mosaic-7com-mi3 D84,10,6,2,True,OEP Unpen,False,False,1,False,0,0,1027,997,18,47.91508483886719,4x,2024-07-26_22-38-37,118.62508,BSN0146,1
D122782,16710,ubuieEu5Ee-iEA,20240726 exports plate 2,1,B,4,1,1,1,1,20240726 Mosaic-7com-mi3 D84,10,6,2,True,OEP Unpen,False,False,1,False,0,0,1027,997,18,47.93468475341797,4x,2024-07-26_22-40-34,117.28066,BSN0146,1
D122782,16952,ubumpku5Ee-zUA,20240726 exports plate 2,1,B,5,1,1,1,1,20240726 Mosaic-7com-mi3 D84,10,6,2,True,OEP Unpen,False,False,1,False,0,0,1027,997,18,48.08618927001953,4x,2024-07-26_22-42-32,117.59005,BSN0146,1
D122782,17528,ubupoUu5Ee-TTw,20240726 exports plate 2,1,B,6,1,1,1,1,20240726 Mosaic-7com-mi3 D84,10,6,2,True,OEP Unpen,False,False,1,False,0,0,1027,997,18,47.828285217285156,4x,2024-07-26_22-44-32,119.29089,BSN0146,1
D122782,17856,ubus5ku5Ee-iDw,20240726 exports plate 2,1,B,7,2,2,1,1,20240726 Mosaic-7com-mi3 D84,10,6,2,True,OEP Unpen,False,False,1,False,0,0,1027,997,18,47.814605712890625,4x,2024-07-26_22-46-30,118.0223,BSN0146,1
D122782,17972,ubuv4Uu5Ee-z-g,20240726 exports plate 2,1,B,8,1,1,1,1,20240726 Mosaic-7com-mi3 D84,10,6,2,True,OEP Unpen,False,False,1,False,0,0,1027,997,18,47.75341796875,4x,2024-07-26_22-49-24,117.30087,BSN0146,1
D122782,18107,ubu2I0u5Ee-RsA,20240726 exports plate 2,1,B,9,1,1,1,1,20240726 Mosaic-7com-mi3 D84,10,6,2,True,OEP Unpen,False,False,1,False,0,0,1027,997,18,48.07319641113281,4x,2024-07-26_22-51-22,117.59917,BSN0146,1
D122782,18116,ubu5a0u5Ee-tuA,20240726 exports plate 2,1,B,10,1,1,1,1,20240726 Mosaic-7com-mi3 D84,10,6,2,True,OEP Unpen,False,False,1,False,0,0,1027,997,18,47.920074462890625,4x,2024-07-26_22-53-20,117.64906,BSN0146,1
D122782,18224,ubu9AEu5Ee-F9Q,20240726 exports plate 2,1,B,11,1,1,1,1,20240726 Mosaic-7com-mi3 D84,10,6,2,True,OEP Unpen,False,False,1,False,0,0,1027,997,18,48.10882568359375,4x,2024-07-26_22-55-19,118.80272,BSN0146,1
D122782,19054,ubu_-ku5Ee-Ddg,20240726 exports plate 2,1,B,12,1,1,1,1,20240726 Mosaic-7com-mi3 D84,10,6,2,True,OEP Unpen,False,False,1,False,0,0,1027,997,18,48.02203369140625,4x,2024-07-26_22-57-20,121.14017,BSN0146,1
D122782,19057,ubvDjEu5Ee-3AA,20240726 exports plate 2,1,C,1,1,1,1,1,20240726 Mosaic-7com-mi3 D84,10,6,2,True,OEP Unpen,False,False,1,False,0,0,1027,997,18,47.98394012451172,4x,2024-07-26_22-59-20,119.3407,BSN0146,1
D122782,19216,ubvHIUu5Ee-0JQ,20240726 exports plate 2,1,C,2,1,1,1,1,20240726 Mosaic-7com-mi3 D84,10,6,2,True,OEP Unpen,False,False,1,False,0,0,1027,997,18,48.33745574951172,4x,2024-07-26_23-01-19,119.50079,BSN0146,1
D122782,19413,ubvKaEu5Ee-Clg,20240726 exports plate 2,1,C,3,1,1,1,1,20240726 Mosaic-7com-mi3 D84,10,6,2,True,OEP Unpen,False,False,1,False,0,0,1027,997,18,47.78291320800781,4x,2024-07-26_23-03-18,118.14173,BSN0146,1
D122782,19560,ubvNY0u5Ee-siA,20240726 exports plate 2,1,C,4,1,1,1,1,20240726 Mosaic-7com-mi3 D84,10,6,2,True,OEP Unpen,False,False,1,False,0,0,1027,997,18,47.99537658691406,4x,2024-07-26_23-05-16,118.57197,BSN0146,1
D122782,19619,ubvQ-Eu5Ee-2_Q,20240726 exports plate 2,1,C,5,1,1,1,1,20240726 Mosaic-7com-mi3 D84,10,6,2,True,OEP Unpen,False,False,1,False,0,0,1027,997,18,48.61113739013672,4x,2024-07-26_23-07-16,119.38383,BSN0146,1
D122782,19898,ubvXhUu5Ee-Cww,20240726 exports plate 2,1,C,6,1,1,2,2,20240726 Mosaic-7com-mi3 D84,10,6,2,True,OEP Unpen,False,False,1,False,0,0,1027,997,18,39.98668670654297,4x,2024-07-26_23-09-06,109.71416,BSN0146,1
D122782,1412,ubvbGUu5Ee-Vvg,20240726 exports plate 2,1,C,7,1,1,1,1,20240726 Mosaic-7-mi3 D84,10,6,2,True,OEP Unpen,False,False,1,False,0,0,1027,997,18,48.06389617919922,4x,2024-07-26_23-11-03,117.40149,BSN0146,1
D122782,4260,ubve-Eu5Ee-nWQ,20240726 exports plate 2,1,C,8,1,1,1,1,20240726 Mosaic-7-mi3 D84,10,6,2,True,OEP Unpen,False,False,1,False,0,0,1027,997,18,47.858009338378906,4x,2024-07-26_23-13-01,118.10696,BSN0146,1
D122782,4490,ubvjI0u5Ee-57w,20240726 exports plate 2,1,C,9,1,1,1,1,20240726 Mosaic-7-mi3 D84,10,6,2,True,OEP Unpen,False,False,1,False,0,0,1027,997,18,48.31170654296875,4x,2024-07-26_23-14-59,117.37339,BSN0146,1
D122782,4564,ubvma0u5Ee-gGg,20240726 exports plate 2,1,C,10,1,1,1,1,20240726 Mosaic-7-mi3 D84,10,6,2,True,OEP Unpen,False,False,1,False,0,0,1027,997,18,47.893760681152344,4x,2024-07-26_23-16-56,116.81925,BSN0146,1
D122782,5864,ubvsYUu5Ee-XEA,20240726 exports plate 2,1,C,11,2,2,2,2,20240726 Mosaic-7-mi3 D84,10,6,2,True,OEP Unpen,False,False,1,False,0,0,1027,997,18,47.83234405517578,4x,2024-07-26_23-19-52,117.84016,BSN0146,1
D122782,5998,ubvv9Uu5Ee-iiw,20240726 exports plate 2,1,C,12,1,1,1,1,20240726 Mosaic-7-mi3 D84,10,6,2,True,OEP Unpen,False,False,1,False,0,0,1027,997,18,48.0419921875,4x,2024-07-26_23-21-51,118.77011,BSN0146,1
D122782,6203,ubvy8Eu5Ee-moQ,20240726 exports plate 2,1,D,1,1,1,1,1,20240726 Mosaic-7-mi3 D84,10,6,2,True,OEP Unpen,False,False,1,False,0,0,1027,997,18,47.887107849121094,4x,2024-07-26_23-23-49,117.85918,BSN0146,1
D122782,7355,ubv3aEu5Ee-ojA,20240726 exports plate 2,1,D,2,1,1,1,1,20240726 Mosaic-7-mi3 D84,10,6,2,True,OEP Unpen,False,False,1,False,0,0,1027,997,18,47.94731903076172,4x,2024-07-26_23-25-47,118.04269,BSN0146,1
D122782,7395,ubv7lEu5Ee-L2A,20240726 exports plate 2,1,D,3,1,1,1,1,20240726 Mosaic-7-mi3 D84,10,6,2,True,OEP Unpen,False,False,1,False,0,0,1027,997,18,48.05390930175781,4x,2024-07-26_23-27-45,118.42158,BSN0146,1
D122782,7686,ubwBiku5Ee-Trw,20240726 exports plate 2,1,D,4,1,1,1,1,20240726 Mosaic-7-mi3 D84,10,6,2,True,OEP Unpen,False,False,1,False,0,0,1027,997,18,47.92259979248047,4x,2024-07-26_23-29-43,117.24316,BSN0146,1
D122782,8925,ubwG6Eu5Ee-8NQ,20240726 exports plate 2,1,D,5,1,1,1,1,20240726 Mosaic-7-mi3 D84,10,6,2,True,OEP Unpen,False,False,1,False,0,0,1027,997,18,48.22437286376953,4x,2024-07-26_23-31-41,118.20641,BSN0146,1
D122782,9019,ubwM3ku5Ee-d6g,20240726 exports plate 2,1,D,6,1,1,1,1,20240726 Mosaic-7-mi3 D84,10,6,2,True,OEP Unpen,False,False,1,False,0,0,1027,997,18,47.93616485595703,4x,2024-07-26_23-33-39,118.04184,BSN0146,1
D122782,9335,ubwRo0u5Ee-Mrw,20240726 exports plate 2,1,D,7,1,1,2,2,20240726 Mosaic-7-mi3 D84,10,6,2,True,OEP Unpen,False,False,1,False,0,0,1027,997,18,40.08513641357422,4x,2024-07-26_23-35-30,110.02264,BSN0146,1
D122782,10358,ubwUnku5Ee-99A,20240726 exports plate 2,1,D,8,1,1,1,1,20240726 Mosaic-7-mi3 D84,10,6,2,True,OEP Unpen,False,False,1,False,0,0,1027,997,18,48.04180145263672,4x,2024-07-26_23-37-29,119.73683,BSN0146,1
D122782,10707,ubwX5ku5Ee-QpA,20240726 exports plate 2,1,D,9,2,2,1,1,20240726 Mosaic-7-mi3 D84,10,6,2,True,OEP Unpen,False,False,1,False,0,0,1027,997,18,48.2081298828125,4x,2024-07-26_23-39-28,118.37354,BSN0146,1
D122782,10759,ubwbeEu5Ee-2IA,20240726 exports plate 2,1,D,10,1,1,1,1,20240726 Mosaic-7-mi3 D84,10,6,2,True,OEP Unpen,False,False,1,False,0,0,1027,997,18,48.000892639160156,4x,2024-07-26_23-41-25,116.92033,BSN0146,1
D122782,11662,ubwec0u5Ee-NJw,20240726 exports plate 2,1,D,11,1,1,1,1,20240726 Mosaic-7-mi3 D84,10,6,2,True,OEP Unpen,False,False,1,False,0,0,1027,997,18,48.101219177246094,4x,2024-07-26_23-43-25,119.7089,BSN0146,1
D122782,11831,ubwiB0u5Ee-o7g,20240726 exports plate 2,1,D,12,1,1,1,1,20240726 Mosaic-7-mi3 D84,10,6,2,True,OEP Unpen,False,False,1,False,0,0,1027,997,18,47.81427764892578,4x,2024-07-26_23-45-24,119.31409,BSN0146,1
D122782,11867,ubwmgEu5Ee-FNQ,20240726 exports plate 2,1,E,1,1,1,1,1,20240726 Mosaic-7-mi3 D84,10,6,2,True,OEP Unpen,False,False,1,False,0,0,1027,997,18,47.83312225341797,4x,2024-07-26_23-48-21,119.17943,BSN0146,1
D122782,12039,ubwpeku5Ee-_tg,20240726 exports plate 2,1,E,2,1,1,1,1,20240726 Mosaic-7-mi3 D84,10,6,2,True,OEP Unpen,False,False,1,False,0,0,1027,997,18,48.03807830810547,4x,2024-07-26_23-50-21,119.20845,BSN0146,1
D122782,12351,ubwtWUu5Ee-NUg,20240726 exports plate 2,1,E,3,2,2,1,1,20240726 Mosaic-7-mi3 D84,10,6,2,True,OEP Unpen,False,False,1,False,0,0,1027,997,18,47.90709686279297,4x,2024-07-26_23-52-18,117.73111,BSN0146,1
D122782,13230,ubwzBUu5Ee-5zg,20240726 exports plate 2,1,E,4,3,3,3,3,20240726 Mosaic-7-mi3 D84,10,6,2,True,OEP Unpen,False,False,1,False,0,0,1027,997,18,48.142547607421875,4x,2024-07-26_23-54-18,119.88789,BSN0146,1
D122782,13247,ubw2AEu5Ee-7Tw,20240726 exports plate 2,1,E,5,1,1,1,1,20240726 Mosaic-7-mi3 D84,10,6,2,True,OEP Unpen,False,False,1,False,0,0,1027,997,18,47.789100646972656,4x,2024-07-26_23-56-17,118.83331,BSN0146,1
D122782,13302,ubw5kUu5Ee-7yg,20240726 exports plate 2,1,E,6,1,1,1,1,20240726 Mosaic-7-mi3 D84,10,6,2,True,OEP Unpen,False,False,1,False,0,0,1027,997,18,47.86835479736328,4x,2024-07-26_23-58-16,118.89542,BSN0146,1
D122782,13347,ubw-Cku5Ee-GRg,20240726 exports plate 2,1,E,7,1,1,2,2,20240726 Mosaic-7-mi3 D84,10,6,2,True,OEP Unpen,False,False,1,False,0,0,1027,997,18,48.10601806640625,4x,2024-07-27_00-00-16,119.74395,BSN0146,1
D122782,13776,ubxBBUu5Ee-ZkA,20240726 exports plate 2,1,E,8,1,1,1,1,20240726 Mosaic-7-mi3 D84,10,6,2,True,OEP Unpen,False,False,1,False,0,0,1027,997,18,47.834800720214844,4x,2024-07-27_00-02-15,118.12396,BSN0146,1
D122782,13957,ubxDaEu5Ee-nxw,20240726 exports plate 2,1,E,9,1,1,1,1,20240726 Mosaic-7-mi3 D84,10,6,2,True,OEP Unpen,False,False,1,False,0,0,1027,997,18,47.871849060058594,4x,2024-07-27_00-04-13,118.52786,BSN0146,1
D122782,14105,ubxFfUu5Ee-Z4Q,20240726 exports plate 2,1,E,10,1,1,1,1,20240726 Mosaic-7-mi3 D84,10,6,2,True,OEP Unpen,False,False,1,False,0,0,1027,997,18,47.954612731933594,4x,2024-07-27_00-06-12,118.15459,BSN0146,1
D122782,14729,ubxHlEu5Ee-C6w,20240726 exports plate 2,1,E,11,2,2,2,2,20240726 Mosaic-7-mi3 D84,10,6,2,True,OEP Unpen,False,False,1,False,0,0,1027,997,18,47.98321533203125,4x,2024-07-27_00-08-11,119.6869,BSN0146,1
D122782,14968,ubxJ9Uu5Ee-iqg,20240726 exports plate 2,1,E,12,1,1,1,1,20240726 Mosaic-7-mi3 D84,10,6,2,True,OEP Unpen,False,False,1,False,0,0,1027,997,18,47.90293884277344,4x,2024-07-27_00-10-12,120.11398,BSN0146,1
D122782,14994,ubxMDEu5Ee-nrQ,20240726 exports plate 2,1,F,1,1,1,1,1,20240726 Mosaic-7-mi3 D84,10,6,2,True,OEP Unpen,False,False,1,False,0,0,1027,997,18,47.732566833496094,4x,2024-07-27_00-12-11,119.36868,BSN0146,1
D122782,15248,ubxNiku5Ee-X1Q,20240726 exports plate 2,1,F,2,1,1,1,1,20240726 Mosaic-7-mi3 D84,10,6,2,True,OEP Unpen,False,False,1,False,0,0,1027,997,18,47.85181427001953,4x,2024-07-27_00-14-10,118.84637,BSN0146,1
D122782,15290,ubxPoUu5Ee-3MA,20240726 exports plate 2,1,F,3,1,1,1,1,20240726 Mosaic-7-mi3 D84,10,6,2,True,OEP Unpen,False,False,1,False,0,0,1027,997,18,48.104888916015625,4x,2024-07-27_00-16-09,118.92171,BSN0146,1
D122782,15562,ubxRHku5Ee-5jw,20240726 exports plate 2,1,F,4,1,1,0,0,20240726 Mosaic-7-mi3 D84,10,6,2,True,OEP Unpen,False,False,1,False,0,0,1027,997,18,95.24339294433594,4x,2024-07-27_00-19-53,166.37398,BSN0146,1
D122782,16314,ubxU_Uu5Ee-ytw,20240726 exports plate 2,1,F,5,1,1,1,1,20240726 Mosaic-7-mi3 D84,10,6,2,True,OEP Unpen,False,False,1,False,0,0,1027,997,18,47.93236541748047,4x,2024-07-27_00-21-53,119.63801,BSN0146,1
D122782,16447,ubxX-Eu5Ee-91w,20240726 exports plate 2,1,F,6,1,1,1,1,20240726 Mosaic-7-mi3 D84,10,6,2,True,OEP Unpen,False,False,1,False,0,0,1027,997,18,47.93451690673828,4x,2024-07-27_00-23-52,119.6773,BSN0146,1
D122782,16460,ubxaD0u5Ee-y2A,20240726 exports plate 2,1,F,7,1,1,1,1,20240726 Mosaic-7-mi3 D84,10,6,2,True,OEP Unpen,False,False,1,False,0,0,1027,997,18,48.07505798339844,4x,2024-07-27_00-25-53,120.39968,BSN0146,1
D122782,16637,ubxbjEu5Ee-WUA,20240726 exports plate 2,1,F,8,1,1,1,1,20240726 Mosaic-7-mi3 D84,10,6,2,True,OEP Unpen,False,False,1,False,0,0,1027,997,18,24.64830780029297,4x,2024-07-27_00-27-29,96.19083,BSN0146,1
D122782,17874,ubxdoUu5Ee-Ovw,20240726 exports plate 2,1,F,9,1,1,1,1,20240726 Mosaic-7-mi3 D84,10,6,2,True,OEP Unpen,False,False,1,False,0,0,1027,997,18,48.51673126220703,4x,2024-07-27_00-29-30,120.83723,BSN0146,1
D122782,17927,ubxfa0u5Ee-vxw,20240726 exports plate 2,1,F,10,1,1,1,1,20240726 Mosaic-7-mi3 D84,10,6,2,True,OEP Unpen,False,False,1,False,0,0,1027,997,18,48.43132781982422,4x,2024-07-27_00-31-31,119.98043,BSN0146,1
D122782,17974,ubxhgku5Ee-tpA,20240726 exports plate 2,1,F,11,1,1,1,1,20240726 Mosaic-7-mi3 D84,10,6,2,True,OEP Unpen,False,False,1,False,0,0,1027,997,18,48.092018127441406,4x,2024-07-27_00-33-31,120.56754,BSN0146,1
D122782,18046,ubxjl0u5Ee-kJg,20240726 exports plate 2,1,F,12,1,1,1,1,20240726 Mosaic-7-mi3 D84,10,6,2,True,OEP Unpen,False,False,1,False,0,0,1027,997,18,48.38916015625,4x,2024-07-27_00-35-31,120.09196,BSN0146,1
D122782,18211,ubxlYUu5Ee-y9Q,20240726 exports plate 2,1,G,1,1,1,2,2,20240726 Mosaic-7-mi3 D84,10,6,2,True,OEP Unpen,False,False,1,False,0,0,1027,997,18,47.95085144042969,4x,2024-07-27_00-37-31,119.63564,BSN0146,1
D122782,18273,ubxm3ku5Ee-Llg,20240726 exports plate 2,1,G,2,2,2,2,2,20240726 Mosaic-7-mi3 D84,10,6,2,True,OEP Unpen,False,False,1,False,0,0,1027,997,18,47.90764617919922,4x,2024-07-27_00-39-31,119.68096,BSN0146,1
D122782,18313,ubxo9Uu5Ee-C6A,20240726 exports plate 2,1,G,3,1,1,1,1,20240726 Mosaic-7-mi3 D84,10,6,2,True,OEP Unpen,False,False,1,True,0,0,1027,997,18,55.49169921875,4x,2024-07-27_00-43-10,218.75938,BSN0146,1
D122782,18388,ubxrCku5Ee-dqg,20240726 exports plate 2,1,G,4,1,1,1,1,20240726 Mosaic-7-mi3 D84,10,6,2,True,OEP Unpen,False,False,1,False,0,0,1027,997,18,48.13056945800781,4x,2024-07-27_00-45-10,119.41126,BSN0146,1
D122782,18555,ubxtIUu5Ee-QMA,20240726 exports plate 2,1,G,5,2,2,1,1,20240726 Mosaic-7-mi3 D84,10,6,2,True,OEP Unpen,False,False,1,False,0,0,1027,997,18,47.915916442871094,4x,2024-07-27_00-47-08,118.68446,BSN0146,1
D122782,18588,ubxu60u5Ee-2zg,20240726 exports plate 2,1,G,6,1,1,1,1,20240726 Mosaic-7-mi3 D84,10,6,2,True,OEP Unpen,False,False,1,False,0,0,1027,997,18,48.10338592529297,4x,2024-07-27_00-50-05,119.07378,BSN0146,1
D122782,19453,ubxwaEu5Ee-eeA,20240726 exports plate 2,1,G,7,1,1,1,1,20240726 Mosaic-7-mi3 D84,10,6,2,True,OEP Unpen,False,False,1,False,0,0,1027,997,18,48.233734130859375,4x,2024-07-27_00-52-06,120.41158,BSN0146,1
D122782,19471,ubxyfUu5Ee-GRQ,20240726 exports plate 2,1,G,8,2,2,1,1,20240726 Mosaic-7-mi3 D84,10,6,2,True,OEP Unpen,False,False,1,False,0,0,1027,997,18,47.79371643066406,4x,2024-07-27_00-54-06,119.81332,BSN0146,1
D122782,19616,ubx0lEu5Ee-oXw,20240726 exports plate 2,1,G,9,2,2,1,1,20240726 Mosaic-7-mi3 D84,10,6,2,True,OEP Unpen,False,False,1,False,0,0,1027,997,18,47.99742889404297,4x,2024-07-27_00-56-07,120.65069,BSN0146,1
D122782,19733,ubx2Xku5Ee-_mw,20240726 exports plate 2,1,G,10,1,1,1,1,20240726 Mosaic-7-mi3 D84,10,6,2,True,OEP Unpen,False,False,1,False,0,0,1027,997,18,47.91050720214844,4x,2024-07-27_00-58-06,119.55122,BSN0146,1
D122782,20001,ubx4c0u5Ee-nwA,20240726 exports plate 2,1,G,11,1,1,1,1,20240726 Mosaic-7-mi3 D84,10,6,2,True,OEP Unpen,False,False,1,False,0,0,1027,997,18,47.99560546875,4x,2024-07-27_01-00-06,119.22689,BSN0146,1
D122782,20003,ubx8B0u5Ee-YoQ,20240726 exports plate 2,1,G,12,1,1,0,0,20240726 Mosaic-7-mi3 D84,10,6,2,True,OEP Unpen,False,False,1,False,0,0,1027,997,18,94.70115661621094,4x,2024-07-27_01-02-51,165.05801,BSN0146,1
