ExportID,PenId,A1 BtkY72 Cy5 : IsPositiveVerified,A1 BtkY72 Cy5 : Score,A1 IgG2 FITC : IsPositiveVerified,A1 IgG2 FITC : Score,A1 Khosta-2 TRED : IsPositiveVerified,A1 Khosta-2 TRED : Score,A1 SARS-1 DAPI : IsPositiveVerified,A1 SARS-1 DAPI : Score,A1 Yun11 PE : IsPositiveVerified,A1 Yun11 PE : Score,A2 _BM4831 PE : IsPositiveVerified,A2 _BM4831 PE : Score,A2 IgG total CY5 : IsPositiveVerified,A2 IgG total CY5 : Score,A2 IgG2 FITC : IsPositiveVerified,A2 IgG2 FITC : Score,A2 SARS-2 beta TRED : IsPositiveVerified,A2 SARS-2 beta TRED : Score,A2 SARS-2 KP3 DAPI : IsPositiveVerified,A2 SARS-2 KP3 DAPI : Score
P1-B5,7775,TRUE,7.6303563,FALSE,0.08908669,TRUE,18.09244,FALSE,0,TRUE,27.883556,TRUE,19.867092,TRUE,33.039967,FALSE,0.1676091,TRUE,34.738266,TRUE,12.941354
P1-D6,3652,TRUE,3.7631538,TRUE,2.201512,FALSE,4.038241,TRUE,11.770784,FALSE,1.2617297,FALSE,2.2666295,TRUE,20.577782,TRUE,3.1752799,TRUE,24.322641,FALSE,1.194259
P1-E6,8429,FALSE,8.138821,TRUE,1.4582428,FALSE,7.953848,FALSE,4.327434,FALSE,12.98815,TRUE,11.847908,TRUE,24.26288,TRUE,2.4063382,TRUE,22.748217,TRUE,5.498585
P1-F6,9731,TRUE,8.531116,TRUE,1.4708811,TRUE,12.049192,FALSE,0.9269602,TRUE,20.784458,TRUE,9.431147,TRUE,24.783136,TRUE,2.6235547,TRUE,24.015875,TRUE,8.2946205
P1-F10,10989,TRUE,6.1710443,FALSE,0.14531979,TRUE,2.7885005,TRUE,3.3393817,FALSE,2.7533796,TRUE,10.621079,TRUE,36.67482,FALSE,0.13361698,TRUE,36.53049,FALSE,1.3116673
P1-G11,13761,TRUE,6.041192,FALSE,0.30382723,FALSE,2.699196,TRUE,27.229836,FALSE,0.32744795,TRUE,11.585516,TRUE,50.770874,FALSE,0.3162419,TRUE,65.40957,FALSE,1.4018434
P1-H1,14417,TRUE,10.571332,TRUE,1.333537,FALSE,7.66096,FALSE,0.73043835,TRUE,11.657962,TRUE,7.2497816,FALSE,28.098581,TRUE,1.7639903,FALSE,20.066242,FALSE,16.203642
P1-H9,16251,TRUE,8.3421955,TRUE,1.8621587,FALSE,5.2376,TRUE,3.1474702,FALSE,7.867906,FALSE,5.490494,TRUE,22.90747,TRUE,2.0745242,TRUE,23.684322,FALSE,3.6641126
P1-H11,17800,FALSE,0.65443635,TRUE,2.8851898,FALSE,2.6011636,TRUE,10.552782,FALSE,3.9216275,FALSE,2.6951406,FALSE,34.07976,TRUE,2.7140162,FALSE,20.014532,FALSE,1.245445
P2-A12,6653,FALSE,0,TRUE,1.5377002,FALSE,2.3721986,FALSE,2.5451908,FALSE,3.5012097,FALSE,3.7692723,FALSE,24.073486,TRUE,1.6488185,TRUE,33.110207,FALSE,0.47560033
P2-B5,18336,TRUE,7.0968623,TRUE,1.8111145,FALSE,7.10187,TRUE,4.644908,TRUE,11.227928,FALSE,7.253174,TRUE,36.365406,TRUE,3.6940744,TRUE,44.17836,FALSE,3.4199536
P2-C4,794,FALSE,0.807538,FALSE,0.3325539,FALSE,3.933736,TRUE,6.777209,TRUE,8.950008,FALSE,4.1733255,TRUE,31.165854,FALSE,0.14015967,TRUE,30.684261,FALSE,1.2195542
P2-C12,1249,TRUE,6.8588915,FALSE,0.18373063,FALSE,8.3042965,FALSE,0,FALSE,13.116383,TRUE,14.177992,TRUE,56.373978,FALSE,0.3236013,TRUE,31.349314,TRUE,8.620269
P2-D6,1843,TRUE,9.027975,FALSE,0.08510298,TRUE,8.119996,FALSE,1.0008966,TRUE,13.096625,FALSE,10.942377,TRUE,26.846432,FALSE,0.11582606,FALSE,25.494429,TRUE,10.014246
P2-F6,3507,FALSE,3.40718,FALSE,0.14162233,TRUE,9.149029,TRUE,6.994422,TRUE,12.722016,FALSE,7.1743298,TRUE,21.208387,FALSE,0.10907006,TRUE,25.694998,FALSE,12.014877
P2-G5,3897,TRUE,6.6259704,FALSE,0.2170955,TRUE,4.7928767,FALSE,4.114436,FALSE,3.4815927,TRUE,16.553177,TRUE,22.413227,FALSE,0.22316112,TRUE,32.466133,FALSE,4.3966618
P2-G12,4118,FALSE,4.996763,FALSE,0.28086796,TRUE,5.299471,TRUE,12.248774,TRUE,9.320222,TRUE,18.259619,TRUE,20.32702,FALSE,0.13045512,TRUE,21.11484,FALSE,10.366837